stop,plotStop,treat,dayID,day,hour,selection,seconds,minutes,lowFreq,highFreq,avgPowerDensity,maxPower ,energy,deltaTime,proximity
1,1,c,1,604,630,1,9750.1,0,5119.2,9679.7,-83.6,-67.8,71,1.715,f
1,1,c,1,604,630,2,9768.3,0.3,5073.2,9541.5,-84.4,-72.5,69.8,1.619,f
1,1,c,1,604,630,3,9781.7,0.53,4911.9,9426.3,-84.3,-70.3,70.9,2.005,f
1,1,c,1,604,630,4,9797.4,0.79,5073.2,9173,-84.3,-70.2,70.3,1.974,f
1,1,c,1,604,630,5,9809.8,1,5004.1,9725.8,-83.3,-63.6,71.9,1.918,f
1,1,c,1,604,630,6,9822.9,1.21,4888.9,9541.5,-83.7,-65.6,71.3,1.896,ff
1,1,c,1,604,630,7,9838,1.47,5257.4,9126.9,-84,-69.2,69.9,1.749,ff
1,1,c,1,604,630,8,9856.8,1.78,5234.4,9288.1,-84.2,-71.7,69.3,1.489,ff
1,1,c,1,604,630,9,9870.4,2.01,5234.4,9495.4,-83.5,-67.1,71.5,2.022,n
1,1,c,1,604,630,10,9882.2,2.2,5211.4,9610.6,-83.6,-65.4,71.7,2.117,n
1,1,c,1,604,630,11,9946.7,3.28,5211.4,8735.4,-80.4,-61.9,73.8,1.987,n
1,1,c,1,604,630,12,9963.8,3.56,5257.4,9196,-82.4,-63.4,73,2.39,f
1,1,c,1,604,630,13,9976.5,3.77,4958,9449.4,-83.7,-67.1,72.3,2.394,n
1,1,c,1,604,630,14,9991.2,4.02,5464.7,9311.2,-83.5,-67.3,71.3,2.134,n
1,1,c,1,604,630,15,10005.1,4.25,5211.4,9702.7,-83.1,-64.6,72.7,2.295,n
1,1,c,1,604,630,16,10023.7,4.56,5303.5,9933.1,-83.1,-63.3,72.8,2.355,n
1,1,c,1,604,630,17,10037.2,4.79,5280.5,9702.7,-83.5,-65.9,72.6,2.503,n
1,1,c,1,604,630,18,10074.4,5.41,5073.2,9887,-83.9,-65.9,71.3,1.901,f
1,1,c,1,604,630,19,10086.2,5.6,5142.3,9541.5,-78.8,-59.8,77,2.368,nn
1,1,c,1,604,630,20,10102.7,5.88,4911.9,9403.3,-80.7,-61.5,75.4,2.468,nn
1,1,c,1,604,630,21,10117.2,6.12,5372.6,9587.6,-79.9,-59.9,76.2,2.632,nn
1,1,c,1,604,630,22,10131.8,6.36,5211.4,9288.1,-78.3,-58.7,78.1,2.892,nn
1,1,c,1,604,630,23,10149.2,6.65,5234.4,9380.3,-78.6,-58.7,77.9,2.871,nn
1,1,c,1,604,630,24,10166.4,6.94,5326.5,9472.4,-76.8,-56.3,79,2.485,nn
1,1,c,1,604,630,25,10184.9,7.25,5027.1,9449.4,-77.2,-56,79.2,2.645,nn
1,1,c,1,604,630,26,10200.7,7.51,5050.1,9518.5,-78.4,-59.4,77.4,2.325,nn
1,1,c,1,604,630,27,10214.3,7.74,5464.7,9633.6,-76.4,-58.1,79.1,2.355,nn
1,1,c,1,604,630,28,10228.2,7.97,5050.1,9794.9,-76.8,-55.1,79.3,2.338,nn
1,1,c,1,604,630,29,10240.6,8.17,5165.3,9979.1,-78,-54.6,80.2,3.732,nn
1,1,c,1,604,630,30,10260.1,8.5,4842.8,9587.6,-79,-59.3,77.8,2.689,nn
1,1,c,2,604,830,1,15278.5,0,5625.9,8827.5,-79.1,-58.7,75,2.165,nn
1,1,c,2,604,830,2,15295.4,0.28,5810.2,8758.4,-78.4,-58.9,75.5,2.221,nn
1,1,c,2,604,830,3,15310.6,0.54,5902.3,8850.5,-79.5,-61.6,74.5,2.256,nn
1,1,c,2,604,830,4,15323.8,0.76,5888.3,8650.7,-79.7,-63.6,74.1,2.321,nn
1,1,c,2,604,830,5,15339.4,1.01,5710.1,8918,-78.2,-57.3,76.3,2.355,nn
1,1,c,2,604,830,6,15353.7,1.25,5621,8680.4,-77.1,-58.6,77,2.269,nn
1,1,c,3,604,1900,1,5815.2,0,5464.7,8389.9,-78.8,-58.6,73.7,1.653,nn
1,1,c,3,604,1900,2,5875.1,1,5441.7,8574.1,-81.8,-64.5,69.1,1.078,n
1,1,c,3,604,1900,3,5893.3,1.3,5211.4,8343.8,-76.9,-56.6,75.7,1.531,nn
1,1,c,3,604,1900,4,5921.8,1.78,5810.2,8689.3,-83.8,-67,68.2,1.506,f
1,1,c,3,604,1900,5,5928,1.88,5257.4,8435.9,-78.7,-60.8,73.4,1.445,nn
1,1,c,3,604,1900,6,5941.1,2.1,5257.4,8389.9,-76.8,-57,75.4,1.488,nn
1,1,c,3,604,1900,7,5975.3,2.67,5372.6,8136.5,-78.9,-63.9,72.3,1.323,n
1,1,c,3,604,1900,8,6310.8,8.26,5902.3,8251.7,-78.9,-62.7,72.3,1.463,n
1,1,c,3,604,1900,9,6334.8,8.66,5487.8,8505,-77.2,-62.5,74.5,1.347,n
1,1,c,3,604,1900,10,6346.7,8.86,6040.5,8274.7,-77.4,-61.1,73.8,1.592,n
1,1,c,3,604,1900,11,6444.8,10.49,5810.2,8643.2,-67.7,-45.3,87.4,3.037,nnn
1,1,c,3,604,1900,12,6466.5,10.86,5902.3,8827.5,-67.3,-44.6,88.4,3.368,nnn
1,1,c,3,604,1900,13,6484,11.15,5994.5,8505,-65.6,-44.3,88.5,2.761,nnn
1,1,c,3,604,1900,14,6499.9,11.41,5879.3,8666.3,-66.9,-45.7,87.6,2.749,nnn
1,1,c,3,604,1900,15,6516.7,11.69,5764.1,8643.2,-68.1,-49.4,85.2,2.002,nnn
1,1,c,3,604,1900,16,6533.4,11.97,5902.3,8758.4,-70.1,-50,84,2.437,
1,1,c,4,605,1800,1,1782.4,0,5833.2,8389.9,-78.6,-63.4,74.3,2.125,f
1,1,c,4,605,1800,2,1799.7,0.29,5856.3,8274.7,-77.9,-64.3,74.9,2.161,f
1,1,c,4,605,1800,3,1814.2,0.53,6639.4,8551.1,-78.9,-67,70.8,1.292,ff
1,1,c,4,605,1800,4,1829.7,0.79,5971.4,8412.9,-78.5,-61.4,74.1,2.027,f
1,1,c,4,605,1800,5,1849.7,1.12,5925.4,8113.5,-77.5,-60.1,74.2,1.861,f
1,1,c,4,605,1800,6,1865.5,1.39,5879.3,8205.6,-77.9,-61.3,74,1.812,
1,1,c,5,605,1900,1,6908.5,0,5948.4,8620.2,-75.6,-60.7,76.5,1.702,f
1,1,c,5,605,1900,2,6925.8,0.29,5971.4,8459,-69.9,-50.5,83.2,2.223,n
1,1,c,5,605,1900,3,6945.4,0.62,6040.5,8274.7,-71.2,-53,81.4,2.229,n
1,1,c,5,605,1900,4,6967.9,0.99,6017.5,8228.6,-65.4,-42.5,86.6,2.021,nn
1,1,c,5,605,1900,5,6985.7,1.29,5925.4,8251.7,-60.8,-39.6,92.5,2.48,nn
1,1,c,5,605,1900,6,7003.9,1.59,5856.3,8459,-64.7,-43.6,89.3,2.584,nn
1,1,c,5,605,1900,7,7033.7,2.09,6063.6,8435.9,-58.7,-38.7,94.9,2.706,nn
2,2,c,1,528,1800,1,3.6,0,4727.7,9126.9,-85.1,-70.6,70,2.008,f
2,2,c,1,528,1800,2,9.9,0.1,4958,8988.7,-84.9,-69.1,69.5,1.868,f
2,2,c,1,528,1800,3,15.1,0.19,4842.8,8873.5,-83.5,-65,71.4,2.045,f
2,2,c,1,528,1800,4,25.4,0.36,4681.6,9725.8,-80.4,-56,76,2.394,n
2,2,c,1,528,1800,5,33.1,0.49,4681.6,9656.7,-79.7,-58.4,76.3,2.125,n
2,2,c,1,528,1800,6,38.8,0.59,4865.9,9103.9,-79.4,-56.7,76.7,2.584,n
2,2,c,1,528,1800,7,47.9,0.74,4244,9633.6,-81.4,-58.2,75.1,2.272,n
2,2,c,1,528,1800,8,56.8,0.89,4105.8,9956.1,-80.7,-54.4,77,2.706,
2,2,c,2,529,1800,1,491.8,0,4865.9,7652.8,-82.9,-62,68.9,1.476,f
2,2,c,2,529,1800,2,507.3,0.26,4888.9,7721.9,-81.9,-62.3,71.1,1.953,f
2,2,c,2,529,1800,3,525.2,0.56,4888.9,7791,-80.3,-60.6,72.5,1.8,f
2,2,c,2,529,1800,4,536,0.74,4773.7,7906.2,-72.2,-51.1,81.2,1.874,n
2,2,c,2,529,1800,5,551.8,1,4796.8,7745,-73.8,-51.5,79.6,2.027,n
2,2,c,2,529,1800,6,564.7,1.22,4819.8,7883.1,-72.3,-51.1,80.4,1.647,n
2,2,c,2,529,1800,7,578.8,1.45,4981,7791,-73.2,-52.8,79.3,1.739,n
2,2,c,2,529,1800,8,589.3,1.63,4773.7,7952.2,-69.4,-48.1,84.7,2.204,n
2,2,c,2,529,1800,9,708.8,3.62,4704.6,7698.9,-79.6,-60.1,72.9,1.635,f
2,2,c,2,529,1800,10,722.3,3.84,4704.6,7906.2,-70.6,-49.5,82.6,1.788,n
2,2,c,2,529,1800,11,735.9,4.07,4773.7,7906.2,-76.9,-57.9,76.6,1.904,f
2,2,c,2,529,1800,12,748.5,4.28,4727.7,7745,-67.7,-45.6,84.9,1.659,n
2,2,c,2,529,1800,13,759.4,4.46,4842.8,7883.1,-67.8,-47.2,85.7,1.965,n
2,2,c,2,529,1800,14,770.2,4.64,4819.8,7998.3,-68.1,-47.6,85.5,1.953,n
2,2,c,2,529,1800,15,781.9,4.84,4635.5,7837.1,-68.8,-49.6,84.8,1.959,n
2,2,c,2,529,1800,16,795,5.05,4796.8,7814,-70.3,-52.6,83,1.941,n
2,2,c,2,529,1800,17,809.7,5.3,4865.9,7768,-71.5,-52.1,81.4,1.837,n
2,2,c,2,529,1800,18,823.6,5.53,4773.7,8044.4,-72.7,-51.8,80.4,1.727,n
2,2,c,2,529,1800,19,838.9,5.79,4842.8,7929.2,-71.9,-51.6,81.6,1.99,n
2,2,c,2,529,1800,20,850.4,5.98,4773.7,7883.1,-69.8,-51.4,83.8,1.978,n
2,2,c,2,529,1800,21,1409.3,15.29,4865.9,8090.4,-84.3,-70.5,68.4,1.543,f
2,2,c,2,529,1800,22,1481.3,16.49,4911.9,8574.1,-83.8,-69.5,68.6,1.292,
2,2,c,3,530,630,1,7202,0,5510.8,8412.9,-84.4,-71.3,65.4,0.891,ff
2,2,c,3,530,630,2,7230.8,0.48,5695,8136.5,-84.6,-72.3,65.8,1.243,ff
2,2,c,3,530,630,3,7243.2,0.69,5533.8,8136.5,-84.3,-71.1,65.8,1.09,ff
2,2,c,3,530,630,4,7259.7,0.96,5695,8136.5,-84.6,-72.3,64.8,0.974,ff
2,2,c,3,530,630,5,7270.4,1.14,5533.8,8021.3,-84.2,-72.8,66.3,1.252,ff
2,2,c,3,530,630,6,7297.1,1.59,5695,8159.5,-84.4,-71.3,64.8,0.888,ff
2,2,c,3,530,630,7,7307.8,1.76,5602.9,8136.5,-83.8,-68.5,66.7,1.212,ff
2,2,c,3,530,630,8,7359.5,2.63,5487.8,7791,-83.3,-70.9,66.1,1.01,ff
2,2,c,3,530,630,9,7383.3,3.02,5672,8251.7,-83.9,-71.2,65.4,0.882,ff
2,2,c,3,530,630,10,7545.8,5.73,5050.1,8044.4,-79.9,-65.8,70.3,0.937,f
2,2,c,3,530,630,11,7851.4,10.82,5165.3,8113.5,-72.8,-57.1,79.1,1.47,n
2,2,c,3,530,630,12,7859.5,10.96,5096.2,7998.3,-69.2,-53.3,83.6,1.812,n
2,2,c,3,530,630,13,7867.4,11.09,5073.2,8113.5,-68.4,-50.7,84.8,1.898,n
2,2,c,3,530,630,14,7879.1,11.29,5096.2,8044.4,-64.3,-41.6,89.3,2.128,n
2,2,c,3,530,630,15,7898,11.6,5073.2,7998.3,-65,-44.9,87.8,1.77,n
2,2,c,3,530,630,16,7906.6,11.74,4981,8343.8,-62,-41.6,90.7,1.506,n
2,2,c,3,530,630,17,7918.3,11.94,5027.1,7998.3,-63.2,-46.3,89,1.503,n
2,2,c,3,530,630,18,7931.2,12.15,4935,7998.3,-58.2,-37.6,95.7,2.192,nn
2,2,c,3,530,630,19,7941.7,12.33,5004.1,8090.4,-55.7,-32.6,97.6,1.874,nn
2,2,c,3,530,630,20,7965.3,12.72,4981,8021.3,-59.5,-39.2,93.6,1.855,nn
2,2,c,3,530,630,21,7978.3,12.94,5096.2,8136.5,-66.6,-44.1,86.8,1.99,n
2,2,c,3,530,630,22,7993,13.18,4888.9,7998.3,-66.7,-47.7,86.4,1.794,
2,2,c,4,530,730,1,11253.3,0,5027.1,8205.6,-69.2,-48.9,84.8,2.177,n
2,2,c,4,530,730,2,11261.8,0.14,4842.8,8182.6,-67.6,-48.9,85.8,1.77,n
2,2,c,4,530,730,3,11270.2,0.28,5050.1,8251.7,-67.6,-48.6,86,1.935,n
2,2,c,4,530,730,4,11281.6,0.47,4958,8274.7,-67.1,-48.6,86.6,1.877,n
2,2,c,4,530,730,5,11292.1,0.65,5027.1,8274.7,-66.1,-47.3,87.5,1.941,n
2,2,c,4,530,730,6,11305.4,0.87,5096.2,8228.6,-63.7,-43.9,88.6,1.515,n
2,2,c,4,530,730,7,11323.1,1.16,4935,8067.4,-64.8,-46.2,88.3,1.742,n
2,2,c,4,530,730,8,11339,1.43,5004.1,8021.3,-65.1,-43.2,87.9,1.812,n
2,2,c,4,530,730,9,11356.1,1.71,4981,8136.5,-62,-41.6,91.3,1.868,n
2,2,c,4,530,730,10,11366.6,1.89,4911.9,8136.5,-62,-41.5,91.3,1.849,n
2,2,c,4,530,730,11,11388.1,2.25,5073.2,7906.2,-78.2,-64,73.9,1.601,f
2,2,c,4,530,730,12,11410,2.61,5004.1,8090.4,-80.2,-67.6,72,1.442,f
2,2,c,4,530,730,13,11423.1,2.83,5027.1,7768,-79.4,-66.4,71.5,1.234,f
2,2,c,4,530,730,14,11435,3.03,5395.6,7906.2,-79.8,-65.9,71.7,1.531,f
2,2,c,4,530,730,15,11464.1,3.51,5119.2,7952.2,-80.9,-66.7,70.2,1.277,f
2,2,c,4,530,730,16,11483,3.83,4958,8021.3,-80,-66.9,71.4,1.218,f
2,2,c,4,530,730,17,11497.3,4.07,5119.2,8274.7,-79.7,-65.9,71.6,1.157,f
2,2,c,4,530,730,18,11512.2,4.31,5234.4,7952.2,-79.1,-67,71.9,1.264,f
2,2,c,4,530,730,19,11524,4.51,5119.2,7814,-78.8,-66.5,72.2,1.243,f
2,2,c,4,530,730,20,11536.3,4.72,5096.2,7998.3,-79.1,-66.3,72.4,1.323,f
2,2,c,4,530,730,21,11549.1,4.93,5027.1,7929.2,-79.2,-66.3,72.4,1.347,f
2,2,c,4,530,730,22,11567.2,5.23,5165.3,7929.2,-78.2,-65.3,72.7,1.24,f
2,2,c,4,530,730,23,11582.2,5.48,5096.2,8090.4,-78.3,-64.8,72.3,1.047,f
2,2,c,4,530,730,24,11597.5,5.74,5165.3,8182.6,-79.5,-66.3,70.8,0.967,f
2,2,c,4,530,730,25,11609.6,5.94,5004.1,7998.3,-79.4,-67.6,72.7,1.482,f
2,2,c,4,530,730,26,11623.2,6.17,5142.3,8021.3,-79.4,-67.2,71.8,1.252,f
2,2,c,4,530,730,27,11636.9,6.39,4958,8136.5,-79.9,-66.1,72.2,1.387,f
2,2,c,4,530,730,28,11664,6.84,4911.9,8113.5,-80.4,-67.8,71.2,1.231,f
2,2,c,4,530,730,29,11678.4,7.09,5096.2,8159.5,-78.9,-66.4,72.6,1.231,f
2,2,c,4,530,730,30,11690.2,7.28,4981,7906.2,-78.9,-67.4,72.3,1.225,f
2,2,c,4,530,730,31,11702.1,7.48,5096.2,7814,-78.2,-64.9,71.3,0.882,f
2,2,c,4,530,730,32,11715.8,7.71,5027.1,7906.2,-78.7,-64.8,72.2,1.169,f
2,2,c,4,530,730,33,11729.7,7.94,4981,8021.3,-78.8,-65.7,72.6,1.264,f
2,2,c,4,530,730,34,11746.4,8.22,4819.8,8205.6,-79.3,-63.8,72.5,1.231,f
2,2,c,4,530,730,35,11759.3,8.43,4773.7,7998.3,-79.5,-67.1,72.8,1.421,f
2,2,c,4,530,730,36,11773.1,8.66,5142.3,7952.2,-79.4,-66.1,72.2,1.411,
2,2,c,5,530,930,1,3615.7,0,5573.9,8591.2,-83.9,-69.9,69.5,1.99,f
2,2,c,5,530,930,2,3626,0.17,5804.2,8775.4,-84.1,-72.1,69.6,2.161,f
2,2,c,5,530,930,3,3634.4,0.31,5458.7,8660.3,-84,-71.1,69.4,1.861,f
2,2,c,5,530,930,4,3646.2,0.51,5251.4,8637.2,-84.4,-72.2,69.3,1.898,f
2,2,c,5,530,930,5,3657.8,0.7,5573.9,8752.4,-85.1,-70.1,67.7,1.653,f
2,2,c,5,530,930,6,3666.3,0.84,5643,8798.5,-84.8,-70.6,68.1,1.751,f
2,2,c,5,530,930,7,3675.3,0.99,5481.8,8660.3,-84.8,-71.5,67.9,1.604,f
2,2,c,5,530,930,8,3683.6,1.13,5366.6,8314.8,-84.8,-70.7,67.5,1.598,f
2,2,c,5,530,930,9,3788.4,2.88,4998.1,8453,-85.4,-71.5,67.8,1.672,f
2,2,c,5,530,930,10,3830.8,3.59,5205.4,8476,-85.2,-72.8,67.3,1.482,f
2,2,c,5,530,930,12,3849.2,3.89,5366.6,8245.7,-85,-69.2,66.6,1.414,f
2,2,c,5,530,930,13,3995.1,6.32,5873.3,8844.5,-84.3,-68.7,68.9,1.886,f
2,2,c,5,530,930,14,4002.9,6.45,4952,8683.3,-84.4,-67.9,69.4,1.763,f
2,2,c,5,530,930,15,4011.5,6.6,5021.1,9028.8,-84.7,-66.5,69.9,1.929,f
2,2,c,5,530,930,16,4019.6,6.73,5573.9,8683.3,-84.3,-65.3,68.5,1.69,f
2,2,c,5,530,930,17,4039.2,7.06,4929,9051.8,-84.8,-70,69.6,1.837,f
2,2,c,5,530,930,18,4045.9,7.17,5573.9,9120.9,-84.8,-68.7,69.1,1.88,f
2,2,c,5,530,930,19,4055.6,7.33,5550.9,8545.1,-85.2,-73.5,67.7,1.77,f
2,2,c,5,530,930,20,4083.2,7.79,5297.5,8591.2,-85,-70.8,68.7,1.941,f
2,2,c,5,530,930,21,4092.2,7.94,5182.3,8568.1,-85.1,-71.1,68.4,1.819,f
2,2,c,5,530,930,22,4099.7,8.07,5804.2,8084.5,-84.5,-68.4,67.3,1.788,f
2,2,c,5,530,930,23,4124.6,8.48,5758.2,8591.2,-84.4,-68.5,68.2,1.782,f
2,2,c,5,530,930,24,4132.5,8.61,5458.7,8291.7,-84.6,-69.1,68.4,1.959,f
2,2,c,5,530,930,25,4139.2,8.73,5159.3,8568.1,-84.6,-68.7,69.3,2.014,f
2,2,c,5,530,930,26,4146.1,8.84,5044.1,8982.7,-84.4,-68.9,69.9,1.892,f
2,2,c,5,530,930,27,4153.4,8.96,5159.3,8890.6,-84.7,-67.9,69.7,2.07,f
2,2,c,5,530,930,28,4161.5,9.1,5389.6,8775.4,-84.9,-70.9,68.3,1.69,f
2,2,c,5,530,930,29,4169.2,9.23,5343.6,8706.3,-84.5,-68.3,68.8,1.745,f
2,2,c,5,530,930,30,4178.7,9.38,5643,8683.3,-84.8,-70.5,68.5,1.959,f
2,2,c,5,530,930,31,4188.4,9.55,5205.4,8729.4,-85.2,-69.7,69,2.033,f
2,2,c,5,530,930,32,4195.9,9.67,4975,9190,-84.7,-68.5,70.6,2.192,f
2,2,c,5,530,930,33,4206.1,9.84,5067.2,8453,-85,-69.2,69,2.002,f
2,2,c,5,530,930,34,4216.7,10.02,4813.8,9028.8,-85.2,-68.5,69,1.708,f
2,2,c,5,530,930,35,4224.7,10.15,5251.4,8890.6,-85.1,-71.2,68.4,1.727,f
2,2,c,5,530,930,36,4255,10.66,5320.5,8199.6,-84.8,-69.7,68.4,1.978,f
2,2,c,5,530,930,37,4262.8,10.79,5643,8568.1,-85.1,-70.5,67.4,1.653,f
2,2,c,5,530,930,38,4272.6,10.95,4721.7,8660.3,-85.1,-68.5,69.4,1.923,f
2,2,c,5,530,930,39,4290.5,11.25,5044.1,8798.5,-85,-68.8,68.2,1.518,f
2,2,c,5,530,930,40,4297.7,11.37,5113.2,8729.4,-85.1,-69.6,68.9,1.874,f
2,2,c,5,530,930,41,5194.8,26.32,5182.3,8591.2,-85.3,-71.3,68.4,1.904,
3,3,e,1,531,1800,1,122.4,0,5050.1,8412.9,-82.3,-64.2,71.6,2.021,f
3,3,e,1,531,1800,2,128.6,0.1,4658.6,7883.1,-81.1,-64.1,72.6,1.929,f
3,3,e,1,531,1800,3,144,0.36,5280.5,8528.1,-82,-63.4,71,1.696,f
3,3,e,1,531,1800,4,150.2,0.46,5142.3,8343.8,-82.8,-66.1,70.3,1.708,f
3,3,e,1,531,1800,5,162.1,0.66,4865.9,8597.2,-81,-63.7,72.9,1.806,f
3,3,e,1,531,1800,6,169.1,0.78,5004.1,8781.4,-80.6,-60.9,74.6,2.406,n
3,3,e,1,531,1800,7,176,0.89,4566.4,8505,-81.2,-62.2,74,2.296,n
3,3,e,1,531,1800,8,186.8,1.07,4750.7,8712.3,-81,-58.9,74,2.241,n
3,3,e,1,531,1800,9,217.8,1.59,5257.4,8343.8,-82.7,-66,71.1,2.125,f
3,3,e,1,531,1800,10,235.9,1.89,4865.9,8366.8,-81.6,-67.6,72.6,2.039,f
3,3,e,1,531,1800,11,243.5,2.02,4681.6,8528.1,-82.9,-68,71,1.757,f
3,3,e,1,531,1800,12,249.9,2.13,4681.6,8320.8,-80.9,-65.3,72,1.451,f
3,3,e,1,531,1800,13,257.4,2.25,4888.9,8666.3,-81.6,-62.5,72.8,2.021,f
3,3,e,1,531,1800,14,266.6,2.4,4796.8,8551.1,-81.5,-64,72.6,1.855,f
3,3,e,1,531,1800,15,301.8,2.99,4750.7,8251.7,-81.3,-61.9,72.6,1.904,f
3,3,e,1,531,1800,16,311.9,3.16,4865.9,8113.5,-67,-51.5,86.2,1.708,nn
3,3,e,1,531,1800,17,319.2,3.28,4727.7,8228.6,-80.6,-64.7,72.8,1.708,f
3,3,e,1,531,1800,18,366.8,4.07,4635.5,8228.6,-83.1,-70.6,69.5,1.396,f
3,3,e,1,531,1800,19,552.5,7.17,4474.3,8297.7,-82.6,-66.2,72,2.082,f
3,3,e,1,531,1800,20,558.7,7.27,4313.1,8620.2,-82,-65.3,73.4,2.265,f
3,3,e,1,531,1800,21,565.8,7.39,4336.1,8182.6,-82.8,-65.7,71.5,1.904,f
3,3,e,1,531,1800,22,573.8,7.52,4405.2,8366.8,-82.7,-64.5,72.4,2.192,f
3,3,e,1,531,1800,23,596.2,7.9,4819.8,8274.7,-83,-67.3,70.7,1.843,f
3,3,e,1,531,1800,24,646.5,8.74,4658.6,8159.5,-82.5,-67.5,71.6,1.953,f
3,3,e,1,531,1800,25,652.5,8.84,4566.4,8274.7,-82,-63.1,71.8,1.733,f
3,3,e,1,531,1800,26,689.2,9.45,4428.3,8320.8,-83.1,-65.5,71.6,2.088,f
3,3,e,1,531,1800,27,696.9,9.58,4911.9,8205.6,-83.2,-66.6,70.3,1.861,f
3,3,e,1,531,1800,28,703.9,9.69,4819.8,8712.3,-82.9,-64.4,71.7,2.021,f
3,3,e,1,531,1800,29,727.9,10.09,4543.4,7998.3,-82.3,-63.2,71.7,1.978,f
3,3,e,1,531,1800,31,749.2,10.45,4658.6,8159.5,-83.7,-69.2,69.7,1.672,f
3,3,e,1,531,1800,32,755.9,10.56,4520.4,8274.7,-83.4,-69.6,70.4,1.733,f
3,3,e,1,531,1800,33,761.8,10.66,4543.4,8528.1,-82.8,-63.9,71.7,1.972,f
3,3,e,1,531,1800,34,785.3,11.05,4773.7,8366.8,-83.1,-66.2,71.1,1.947,f
3,3,e,1,531,1800,35,793.4,11.18,4474.3,8320.8,-83.5,-67.9,71.2,2.088,f
3,3,e,1,531,1800,36,802.6,11.34,4566.4,8435.9,-83.5,-65.6,70.9,1.978,f
3,3,e,1,531,1800,37,820.3,11.63,4520.4,8482,-83.9,-66.1,70.4,1.898,f
3,3,e,1,531,1800,38,840,11.96,4704.6,8505,-83.9,-69.4,70.8,2.174,f
3,3,e,1,531,1800,39,855.4,12.22,4612.5,8712.3,-84.4,-68.9,70.3,1.978,f
3,3,e,1,531,1800,40,1985.8,31.06,4888.9,8551.1,-80.7,-64.2,71.9,1.365,f
3,3,e,2,601,730,1,12835.5,0,4819.8,7998.3,-83.1,-69.6,70.4,1.935,f
3,3,e,2,601,730,2,12876.4,0.68,4819.8,8136.5,-79.2,-63.7,73.2,1.457,f
3,3,e,2,601,730,3,12916.2,1.35,4612.5,8205.6,-81.6,-68.6,71.3,1.482,f
3,3,e,2,601,730,4,13412.4,9.62,4589.5,8297.7,-83.1,-68.5,69.3,1.274,f
3,3,e,2,601,730,5,13429.2,9.9,4911.9,8021.3,-82.4,-71.5,69.3,1.316,f
3,3,e,2,601,730,6,13477.5,10.7,5257.4,7883.1,-81.9,-66.5,69.3,1.365,f
3,3,e,2,601,730,7,13489.4,10.9,5211.4,8228.6,-82.1,-69,69.6,1.359,f
3,3,e,2,601,730,8,13507,11.19,4842.8,8251.7,-79.8,-63.1,72.9,1.457,f
3,3,e,2,601,730,9,13519,11.39,4888.9,7077,-79.9,-64.9,70.3,1.341,f
3,3,e,2,601,730,10,13600.7,12.75,4773.7,8021.3,-77.9,-62.9,73.7,1.188,f
3,3,e,2,601,730,11,13619.3,13.06,4865.9,7952.2,-71.3,-55,82.2,1.972,n
3,3,e,2,601,730,12,13651.5,13.6,5027.1,8021.3,-71,-53,82,1.825,n
3,3,e,2,601,730,13,13824.6,16.49,5050.1,7860.1,-80.1,-67.1,71,1.249,f
3,3,e,2,601,730,14,13835.5,16.67,4958,7883.1,-80.4,-60.5,71.7,1.463,f
3,3,e,2,601,730,15,13906.9,17.86,4888.9,8044.4,-80.9,-68,71.2,1.427,f
3,3,e,2,601,730,16,13915.8,18.01,4911.9,7860.1,-80,-65.6,72.6,1.721,f
3,3,e,2,601,730,17,13963.7,18.8,5004.1,8021.3,-71.9,-53.4,81.7,2.088,n
3,3,e,2,601,730,18,13988.4,19.22,5027.1,8044.4,-80.2,-67.5,70.5,1.059,f
3,3,e,2,601,730,19,14284.8,24.16,5096.2,8136.5,-81,-64.3,70.8,1.396,f
3,3,e,2,601,730,20,14305,24.49,5027.1,7998.3,-80,-61,71,1.163,f
3,3,e,2,601,730,21,14373.7,25.64,4865.9,8044.4,-82.1,-68.4,70.7,1.641,f
3,3,e,2,601,730,22,14385.2,25.83,4888.9,8113.5,-81.6,-67.4,70.4,1.372,f
3,3,e,2,601,730,23,14395.3,26,4750.7,7998.3,-81.3,-67,71.9,1.733,
3,3,e,3,601,830,1,5,0,4681.6,8113.5,-80.2,-65.2,73.1,1.684,f
3,3,e,3,601,830,2,19.1,0.23,4911.9,7929.2,-79.3,-64.9,72.4,1.347,f
3,3,e,3,601,830,3,98.2,1.55,4911.9,7998.3,-82,-70.2,69.2,1.139,ff
3,3,e,3,601,830,4,124.8,2,5119.2,7883.1,-81,-67.7,69,0.974,ff
3,3,e,3,601,830,5,259.5,4.24,5027.1,7998.3,-77.4,-64.6,74.5,1.408,f
3,3,e,3,601,830,6,298.7,4.89,5349.6,7929.2,-81.7,-69.3,69.7,1.5,f
3,3,e,3,601,830,7,318.1,5.22,5418.7,8021.3,-80.6,-67.1,69.7,1.096,f
3,3,e,3,601,830,8,423.3,6.97,5556.9,7906.2,-81.5,-69.9,68.2,1.084,f
3,3,e,3,601,830,9,1154.5,19.16,5188.3,7952.2,-81.9,-69.8,69.2,1.286,f
3,3,e,3,601,830,10,2148.8,35.73,5073.2,7906.2,-70.3,-50.2,83.3,2.223,n
3,3,e,3,601,830,11,2163.3,35.97,4935,8113.5,-73.9,-57,79.9,2.045,n
3,3,e,3,601,830,12,2183.6,36.31,4819.8,7998.3,-77.5,-57.1,75.4,1.684,f
3,3,e,3,601,830,13,2444.8,40.66,4635.5,8090.4,-81.4,-67.8,71.2,1.433,f
3,3,e,3,601,830,14,3463,57.63,5096.2,7929.2,-81,-68.5,71.9,1.868,f
3,3,e,3,601,830,15,3475.2,57.84,4935,7975.3,-77.2,-59.4,75.2,1.518,f
3,3,e,3,601,830,16,3553.4,59.14,5073.2,8044.4,-73.2,-56.2,79.7,1.861,
3,3,e,4,602,930,1,4873.9,0,4935,7883.1,-78.2,-61.5,74.2,1.561,f
3,3,e,4,602,930,2,4893.3,0.32,4888.9,7929.2,-71.4,-52.5,81.8,1.91,n
3,3,e,4,602,930,3,5144.5,4.51,4681.6,7906.2,-83.2,-71.2,68.7,1.28,ff
3,3,e,4,602,930,4,5168.2,4.9,5533.8,8044.4,-79.7,-67.4,70.1,1.072,ff
3,3,e,4,602,930,5,5177.4,5.06,4935,7883.1,-78.8,-63.7,74,1.739,f
3,3,e,4,602,930,6,5189.9,5.27,4842.8,7837.1,-70.3,-55.9,80.8,1.182,n
3,3,e,4,602,930,7,5581.5,11.79,5073.2,8090.4,-81.3,-68,71.1,1.555,f
3,3,e,4,602,930,8,5601,12.12,4981,7975.3,-80.1,-63,73.1,1.874,f
3,3,e,4,602,930,9,5626.2,12.54,4981,8021.3,-71.9,-47.5,82.1,2.302,n
3,3,e,4,602,930,10,5988.3,18.57,5119.2,8182.6,-82.3,-68,69.3,1.274,ff
3,3,e,4,602,930,11,5999,18.75,4911.9,8090.4,-78.4,-63.6,74.5,1.641,f
3,3,e,4,602,930,12,6023.9,19.17,4497.3,8021.3,-83.4,-72.1,69.2,1.39,ff
3,3,e,4,602,930,13,6166.7,21.55,4888.9,7721.9,-82.1,-65.7,69,1.261,ff
3,3,e,4,602,930,14,6196.2,22.04,5050.1,7906.2,-79.8,-67.4,71.9,1.384,f
3,3,e,4,602,930,15,6205.2,22.19,5004.1,7906.2,-79.2,-62.1,73,1.574,f
3,3,e,4,602,930,16,6220.2,22.44,4888.9,8136.5,-79.8,-64.9,73,1.647,f
3,3,e,4,602,930,17,6244.2,22.84,4958,8067.4,-77.8,-63.5,74.4,1.433,f
3,3,e,5,603,630,1,8058.9,0,6063.6,8366.8,-83.5,-69.1,67.4,1.455,ff
3,3,e,5,603,630,2,8074.2,0.26,6316.9,8205.6,-83.2,-66.9,67.1,1.563,ff
3,3,e,5,603,630,3,8088.2,0.49,6040.5,8205.6,-83.7,-68.1,67.3,1.589,ff
3,3,e,5,603,630,4,8113.2,0.91,6247.8,8205.6,-83.5,-69.8,67.4,1.689,ff
3,3,e,5,603,630,5,9613,25.9,4935,7952.2,-76.7,-61,75.4,1.446,n
3,3,e,5,603,630,6,9666.9,26.8,5188.3,7837.1,-82.3,-68.7,68.3,1.199,ff
3,3,e,5,603,630,7,9682.2,27.06,4888.9,7975.3,-74.3,-56.7,78.1,1.528,n
3,3,e,5,603,630,8,9692.5,27.23,4911.9,7998.3,-69.4,-53,82.9,1.507,n
3,3,e,5,603,630,9,9712,27.55,4981,7906.2,-71.4,-53.1,81.5,1.836,n
3,3,e,5,603,630,10,9724.5,27.76,4796.8,7929.2,-76,-59.3,77.2,1.823,n
3,3,e,5,603,630,11,9916.6,30.96,5004.1,7906.2,-83.4,-69.8,67.3,1.108,
4,4,e,1,529,730,1,11213.2,0,5504.8,9051.8,-80,-61.4,74.2,2.022,f
4,4,e,1,529,730,2,11244.9,0.53,5550.9,9005.8,-77.3,-56.6,76,1.693,f
4,4,e,1,529,730,3,11256,0.71,6126.7,8867.6,-72.8,-52.9,80,1.931,n
4,4,e,1,529,730,4,11269.6,0.94,6057.6,8890.6,-72.7,-53.8,80.5,1.996,n
4,4,e,1,529,730,5,11282.8,1.16,6287.9,8959.7,-73.3,-53,79.2,1.814,n
4,4,e,1,529,730,6,11309.1,1.6,6103.6,8706.3,-70.2,-52.2,80.2,1.186,n
4,4,e,1,529,730,7,11320.6,1.79,6172.7,9005.8,-72.7,-50.8,81,2.204,n
4,4,e,1,529,730,8,11331.7,1.97,6103.6,8959.7,-71.8,-52.1,81.6,2.109,n
4,4,e,1,529,730,9,11345.6,2.21,6103.6,8729.4,-70.9,-52.5,81,1.632,n
4,4,e,1,529,730,10,11358.4,2.42,5850.3,8637.2,-72.3,-53.5,80.9,2.022,n
4,4,e,1,529,730,11,11370.7,2.63,6057.6,8706.3,-72,-53.8,80,1.658,n
4,4,e,1,529,730,12,11385.5,2.87,5504.8,9074.9,-73.6,-51.9,80.2,1.831,n
4,4,e,1,529,730,13,11404,3.18,5804.2,8959.7,-73.4,-53.2,80.1,1.94,n
4,4,e,1,529,730,14,11421.6,3.47,5804.2,8821.5,-75,-55.3,78.8,2.1,n
4,4,e,1,529,730,15,11434.3,3.68,5758.2,8775.4,-76,-57.9,77.2,1.927,f
4,4,e,1,529,730,16,11451.1,3.96,5827.3,9190,-78.7,-59.9,75.3,2.009,f
4,4,e,1,529,730,17,11467.3,4.23,5873.3,9374.3,-81.9,-66.1,70.8,1.468,ff
4,4,e,1,529,730,18,11483.9,4.51,5804.2,9028.8,-83.2,-67.8,69.6,1.589,ff
4,4,e,1,529,730,19,11497.5,4.74,5735.1,9051.8,-84.1,-69.3,68.8,1.628,ff
4,4,e,1,529,730,20,11512.1,4.98,5919.4,8913.6,-84.4,-70,68.6,1.801,ff
4,4,e,1,529,730,21,11524.1,5.18,5919.4,9627.6,-84.5,-71,69.2,1.732,ff
4,4,e,1,529,730,22,11561.1,5.8,5919.4,9788.9,-84.7,-70.7,69,1.654,ff
4,4,e,1,529,730,23,11576.9,6.06,5620,9581.6,-84.5,-70.5,69.6,1.745,ff
4,4,e,1,529,730,24,11615.1,6.7,6057.6,9051.8,-84,-69.9,68.9,1.792,ff
4,4,e,1,529,730,25,11645.6,7.21,6057.6,9328.2,-83.9,-70.7,68.8,1.541,ff
4,4,e,1,529,730,26,11681.6,7.81,5942.4,9696.7,-85.2,-72.9,68.8,1.84,ff
4,4,e,1,529,730,27,11694.7,8.02,5666,9305.2,-84.9,-70.7,69.1,1.87,ff
4,4,e,1,529,730,28,11692.9,7.99,6103.6,9858,-86.8,-77.2,66.8,1.663,background
4,4,e,1,529,730,29,11708.3,8.25,5689.1,9144,-84.9,-70.8,68.4,1.676,ff
4,4,e,1,529,730,30,11721,8.46,5620,9213.1,-84.8,-72.5,68.9,1.732,ff
4,4,e,1,529,730,31,11718.7,8.43,5666,9236.1,-86.6,-76.3,66.9,1.715,background
4,4,e,1,529,730,32,11734.9,8.7,5504.8,9259.1,-84.6,-71.6,69.6,1.948,ff
4,4,e,1,529,730,33,11749.6,8.94,5942.4,9604.6,-84.7,-68.4,69,1.753,ff
4,4,e,1,529,730,34,11765.7,9.21,5873.3,9466.4,-84.2,-71.5,69,1.632,ff
4,4,e,1,529,730,35,11785.8,9.54,5689.1,9144,-82.2,-66,71.1,1.654,f
4,4,e,1,529,730,36,11783.4,9.5,6368.5,9754.3,-86.5,-75.9,66.7,1.654,background
4,4,e,1,529,730,37,11804.7,9.86,6034.5,9604.6,-81.7,-63.4,72.6,2.048,f
4,4,e,1,529,730,38,11821.1,10.13,5827.3,9144,-83,-65.4,69.9,1.637,ff
4,4,e,1,529,730,39,11835.2,10.37,6080.6,8890.6,-82.3,-66.5,70.7,1.953,f
4,4,e,1,529,730,40,11863.2,10.83,5965.5,9305.2,-83,-65.4,70.8,1.94,f
4,4,e,1,529,730,41,11876.2,11.05,5804.2,9282.1,-84.3,-69.4,70,2.044,f
4,4,e,1,529,730,42,11874.5,11.02,6587.3,10042.2,-86.8,-77.5,65.9,1.481,background
4,4,e,1,529,730,43,11891.2,11.3,5988.5,8798.5,-84,-69.4,69,1.927,ff
4,4,e,1,529,730,44,11905.7,11.54,5850.3,9236.1,-82.4,-65.2,71.5,2.022,
4,4,e,2,529,930,1,6577.2,0,4773.7,9196,-84.3,-65.7,69.7,1.506,ff
4,4,e,2,529,930,2,6584.8,0.13,4635.5,8804.5,-80.1,-59,75.1,2.18,f
4,4,e,2,529,930,3,6599.2,0.37,4658.6,8620.2,-82.1,-60.5,72.8,2.131,f
4,4,e,2,529,930,4,6617.4,0.67,4589.5,9587.6,-80.7,-55.2,76.3,2.676,f
4,4,e,2,529,930,5,6627,0.83,4589.5,9126.9,-77.8,-54.9,78.1,2.321,n
4,4,e,2,529,930,6,6645.8,1.14,4704.6,9011.7,-82.4,-58.1,72.7,2.076,f
4,4,e,2,529,930,7,6655.2,1.3,4681.6,8919.6,-74.4,-48.8,80.9,2.119,n
4,4,e,2,529,930,8,6664.6,1.46,4773.7,8942.6,-72.2,-49.6,83.7,2.535,n
4,4,e,2,529,930,9,6676.7,1.66,4520.4,8735.4,-75.6,-50.9,80.2,2.48,n
4,4,e,2,529,930,10,6688.8,1.86,4635.5,9057.8,-74,-50.8,82.3,2.651,n
4,4,e,2,529,930,11,6698.2,2.02,5695,8965.7,-75.4,-53.8,79,2.265,n
4,4,e,2,529,930,12,6708,2.18,5188.3,8942.6,-74.4,-52.3,80.5,2.247,n
4,4,e,2,529,930,13,6719.4,2.37,5395.6,8988.7,-73.2,-52,81.6,2.321,n
4,4,e,2,529,930,14,6730,2.55,5487.8,9034.8,-72.1,-50.7,82.6,2.265,n
4,4,e,2,529,930,15,6747.6,2.84,5579.9,8965.7,-69.4,-47,85.6,2.578,n
4,4,e,2,529,930,16,6759.7,3.04,5257.4,9103.9,-69,-46.9,86.2,2.345,n
4,4,e,2,529,930,17,6772.9,3.26,5326.5,8988.7,-72.2,-48.1,82.9,2.437,n
4,4,e,2,529,930,18,6785.1,3.47,5257.4,9403.3,-68.9,-46.2,86.6,2.327,n
4,4,e,2,529,930,19,6797.9,3.68,5257.4,9288.1,-68.5,-46.3,86.9,2.394,n
4,4,e,2,529,930,20,6813.7,3.94,5188.3,9288.1,-68.3,-44.4,87.5,2.523,n
4,4,e,2,529,930,21,6829.1,4.2,5418.7,9219,-67.8,-43,87.7,2.486,n
4,4,e,2,529,930,22,6844.6,4.46,5649,8781.4,-67.1,-44.4,86.7,2.1,n
4,4,e,2,529,930,23,6858,4.68,5303.5,9242.1,-68.2,-44.6,87.3,2.443,n
4,4,e,2,529,930,24,6873.1,4.93,5349.6,9242.1,-68,-46,87.4,2.474,n
4,4,e,2,529,930,25,6889.1,5.2,5418.7,9380.3,-67.9,-44.6,87.5,2.351,n
4,4,e,2,529,930,26,6903.1,5.43,5533.8,8988.7,-66.6,-44.4,88.2,2.461,n
4,4,e,2,529,930,27,6920.2,5.72,5257.4,9173,-67.3,-43.6,87.8,2.296,n
4,4,e,2,529,930,28,6936,5.98,5556.9,8896.6,-66.7,-45.1,87.3,2.076,n
4,4,e,2,529,930,29,6950.7,6.23,5533.8,9173,-66.7,-44.5,88.3,2.406,n
4,4,e,2,529,930,30,6965,6.46,5672,9426.3,-67.3,-44.3,87.8,2.339,n
4,4,e,2,529,930,31,6980.4,6.72,5672,8965.7,-69.2,-46.6,84.9,2.131,n
4,4,e,2,529,930,32,6999.8,7.04,5556.9,8850.5,-82.3,-62.5,71,1.788,f
4,4,e,2,529,930,33,7011.7,7.24,5971.4,8528.1,-79,-62.2,72.6,1.543,f
4,4,e,2,529,930,34,7023.5,7.44,6432.1,8712.3,-77.8,-60.8,73.8,1.727,f
4,4,e,2,529,930,35,7049.4,7.87,5948.4,9173,-73.9,-51.4,79.1,1.702,n
4,4,e,2,529,930,36,7061,8.06,5902.3,9288.1,-71.7,-48.6,82.7,2.18,n
4,4,e,2,529,930,37,7073.5,8.27,5718.1,9242.1,-77.6,-55.3,76.9,2.192,n
4,4,e,2,529,930,38,7085,8.46,5902.3,9103.9,-74.3,-55,80,2.241,n
4,4,e,2,529,930,39,7096.4,8.65,5764.1,9242.1,-72.2,-52,82.1,2.106,n
4,4,e,2,529,930,40,7107.7,8.84,5695,9057.8,-70.8,-50.8,83.9,2.382,n
4,4,e,2,529,930,41,7119.1,9.03,5810.2,9242.1,-73.4,-53.1,80.8,2.063,n
4,4,e,2,529,930,42,7130.2,9.22,5625.9,9219,-74.4,-54.4,80.7,2.461,n
4,4,e,2,529,930,43,7148.1,9.51,5625.9,9334.2,-74.9,-53.5,79.9,2.21,n
4,4,e,2,529,930,44,7181.2,10.07,5579.9,9080.8,-75.4,-52.3,79.3,2.327,n
4,4,e,2,529,930,45,7192.7,10.26,5579.9,9080.8,-71.5,-49.4,83.2,2.308,
4,4,e,3,529,1800,1,124.1,0,5925.4,9196,-85,-71.6,68.9,2.051,ff
4,4,e,3,529,1800,2,126.8,0.05,5994.5,9219,-86.6,-76,67.5,2.119,background
4,4,e,3,529,1800,3,147.4,0.39,6040.5,9311.2,-85.4,-72.8,68.5,2.057,ff
4,4,e,3,529,1800,4,202.6,1.31,6040.5,9449.4,-85.1,-72.2,68.2,1.727,ff
4,4,e,3,529,1800,5,226.4,1.71,6247.8,8965.7,-85.3,-71.9,67.8,2.039,ff
4,4,e,3,529,1800,6,255,2.18,6132.7,8597.2,-84.9,-72.2,67.3,1.861,ff
4,4,e,3,529,1800,7,267.9,2.4,6086.6,9011.7,-84.5,-70.5,68.7,1.88,ff
4,4,e,3,529,1800,8,302,2.96,5971.4,8988.7,-84.6,-71.1,68.2,1.77,ff
4,4,e,3,529,1800,9,321.7,3.29,6017.5,9080.8,-85,-70.4,67.6,1.635,ff
4,4,e,3,529,1800,10,319.4,3.25,6247.8,9057.8,-86.6,-78.1,65.9,1.714,background
4,4,e,3,529,1800,11,341.5,3.62,6247.8,8712.3,-84.2,-70.1,67.2,1.531,ff
4,4,e,3,529,1800,12,354,3.83,5856.3,8781.4,-84.8,-72.3,68.4,1.965,ff
4,4,e,3,529,1800,13,435.9,5.2,6178.7,8689.3,-85.1,-72.3,67.2,1.855,ff
4,4,e,3,529,1800,14,529,6.75,6178.7,8735.4,-77.8,-60,75,1.996,n
4,4,e,3,529,1800,15,543.1,6.98,5879.3,8942.6,-78.6,-54.1,75.3,2.18,n
4,4,e,3,529,1800,16,561.4,7.29,6040.5,8873.5,-78.3,-58.9,75.4,2.284,n
4,4,e,3,529,1800,17,580.2,7.6,5948.4,9034.8,-78.3,-59.2,75.6,2.143,n
4,4,e,3,529,1800,18,596.7,7.88,5971.4,8643.2,-78.6,-62.1,74.6,2.07,n
4,4,e,3,529,1800,19,616.5,8.21,5994.5,8735.4,-80.2,-63.1,73.2,2.094,n
4,4,e,3,529,1800,20,650.4,8.77,5879.3,9034.8,-79.8,-61.5,74,2.076,n
4,4,e,3,529,1800,21,671.1,9.12,5787.2,8942.6,-80.1,-61.3,73.6,2.021,n
4,4,e,3,529,1800,22,693.5,9.49,5856.3,9126.9,-81.4,-62.4,72.8,2.155,n
4,4,e,3,529,1800,23,711.3,9.79,5833.2,9057.8,-79.7,-62.6,74.4,2.217,n
4,4,e,3,529,1800,24,730.9,10.11,6178.7,8965.7,-79.2,-62.8,73.8,1.892,n
4,4,e,3,529,1800,25,766.5,10.71,5695,9011.7,-80.9,-61.9,73.6,2.259,n
4,4,e,3,529,1800,26,795.5,11.19,5971.4,8804.5,-79.7,-62.7,73.4,1.984,n
4,4,e,3,529,1800,27,815.1,11.52,5971.4,8896.6,-79.8,-60.3,73.1,1.806,n
4,4,e,3,529,1800,28,856.2,12.2,6063.6,8850.5,-79.9,-60.3,72.9,1.868,n
4,4,e,3,529,1800,29,883.2,12.65,6017.5,8735.4,-82.2,-67.2,70.1,1.721,f
4,4,e,3,529,1800,30,931.9,13.46,5948.4,9149.9,-82.6,-63.4,70.9,1.91,f
4,4,e,3,529,1800,31,984.7,14.34,6086.6,8781.4,-82.3,-66.6,70.3,1.794,f
4,4,e,3,529,1800,32,1001.7,14.63,6224.8,8666.3,-80.1,-59.1,72.6,2.088,n
4,4,e,3,529,1800,33,998.4,14.57,6547.3,9011.7,-86.7,-75.5,66.3,2.131,background
4,4,e,3,529,1800,34,1004.7,14.68,6501.2,8850.5,-86.8,-76.4,66,2.192,background
4,4,e,4,531,830,1,5.7,0,6063.6,8574.1,-82.5,-67.8,69.9,1.88,ff
4,4,e,4,531,830,2,21.1,0.26,5948.4,8551.1,-83.2,-66.8,69.6,2.014,ff
4,4,e,4,531,830,3,35.4,0.49,6086.6,8988.7,-83,-68.3,70.2,1.929,ff
4,4,e,4,531,830,4,51.9,0.77,5994.5,9173,-83.3,-66.3,69.9,1.819,ff
4,4,e,4,531,830,5,71.8,1.1,6040.5,8735.4,-84.2,-68.7,68.7,1.941,ff
4,4,e,4,531,830,6,68.8,1.05,6155.7,8758.4,-86.5,-77,66.2,1.935,background
4,4,e,4,531,830,7,86.3,1.34,6099.3,8766,-83.7,-69,68.9,1.88,ff
4,4,e,4,531,830,8,104.4,1.64,6030.3,9271.7,-83.6,-69.2,69.7,1.849,ff
4,4,e,4,531,830,9,101.8,1.6,6053.3,8926.9,-86.6,-76.8,66.5,1.886,background
4,4,e,4,531,830,10,120.5,1.91,6053.3,9110.8,-83.2,-65.2,70.2,1.941,ff
4,4,e,4,531,830,11,137.7,2.2,5961.4,8995.9,-82.2,-67.6,70.3,1.616,ff
4,4,e,4,531,830,12,135.4,2.16,5972.9,9168.3,-86.4,-77.7,66.7,1.763,background
4,4,e,4,531,830,13,154.5,2.48,6030.3,8812,-80.6,-62.2,72.4,1.978,f
4,4,e,4,531,830,14,200.7,3.25,6076.3,8444.1,-84.4,-72,67.6,1.8,ff
4,4,e,4,531,830,15,219.8,3.57,5961.4,8697,-84.3,-70.6,68.5,1.898,ff
4,4,e,4,531,830,16,222.1,3.61,5938.4,8720,-86.5,-76.8,66.4,1.855,background
4,4,e,4,531,830,18,253.7,4.13,6099.3,8743,-85,-71.3,67.1,1.69,ff
4,4,e,4,531,830,19,267.2,4.36,6099.3,8720,-84.6,-69.1,67.7,1.782,ff
4,4,e,4,531,830,20,278.9,4.55,5708.5,8857.9,-84.5,-70.3,68.7,1.782,ff
4,4,e,4,531,830,21,309,5.05,6030.3,8490.1,-83.4,-69.7,68,1.555,ff
4,4,e,4,531,830,22,304.1,4.97,5892.4,8559.1,-86.4,-76.1,66.3,1.849,background
4,4,e,4,531,830,23,320.7,5.25,5915.4,8674,-83.9,-71.6,67.8,1.476,ff
4,4,e,4,531,830,24,337.9,5.54,6007.4,8720,-82.5,-67.5,69.9,1.739,
4,4,e,4,531,830,25,357.5,5.86,6237.2,9363.7,-82.2,-66,70.4,1.592,
4,4,e,5,531,1130,1,12888,0,4557,8887.2,-82.1,-60.9,73.3,2.182,n
4,4,e,5,531,1130,2,12893.9,0.1,4672.2,9163.6,-81.5,-62.1,74.4,2.351,n
4,4,e,5,531,1130,3,12900.7,0.21,5225,8887.2,-81.4,-60.6,73.4,2.225,n
4,4,e,5,531,1130,4,12905,0.28,4534,9278.7,-82.2,-62.2,73.7,2.247,n
4,4,e,5,531,1130,5,12910.1,0.37,4764.3,8795,-81.1,-61.9,74,2.221,n
4,4,e,5,531,1130,6,12915.9,0.46,4580.1,8725.9,-81.8,-62.6,73.8,2.381,n
4,4,e,5,531,1130,7,12921.9,0.56,4464.9,8725.9,-82.1,-61.1,73.6,2.334,n
4,4,e,5,531,1130,8,12936.7,0.81,5294.1,8749,-84,-68.6,70.1,2.018,f
4,4,e,5,531,1130,9,12968.9,1.35,4511,8633.8,-82.6,-63.4,72.4,2.109,f
4,4,e,5,531,1130,10,13069.1,3.02,4649.2,8518.7,-82.8,-61.9,71.1,1.766,f
4,4,e,5,531,1130,11,13078.1,3.17,4534,8334.4,-82.9,-65,71,1.801,f
4,4,e,5,531,1130,12,13080.1,3.2,5363.2,9509.1,-85.9,-74.6,67.9,1.58,background
4,4,e,5,531,1130,13,12898.3,0.17,7125.2,11155.9,-86.6,-74.2,67.9,1.974,background
4,4,e,5,531,1130,14,14271.7,23.06,4879.5,9140.5,-83.6,-63.9,70.4,1.628,f
4,4,e,5,531,1130,15,14277,23.15,4626.1,9186.6,-83,-65,72,1.927,f
4,4,e,5,531,1130,16,14284.9,23.28,4948.6,8679.9,-82.9,-66.5,72.2,2.338,f
4,4,e,5,531,1130,17,14282.6,23.24,6906.4,10937.1,-86.4,-75.2,68.2,1.979,background
4,4,e,5,531,1130,18,14291.3,23.39,4741.3,8334.4,-82.8,-66.3,72.2,2.442,f
4,4,e,5,531,1130,19,14313,23.75,4764.3,8610.8,-82.9,-65.6,71.7,2.026,f
4,4,e,5,531,1130,20,14319.6,23.86,4764.3,8818.1,-83.3,-64.7,70.8,1.706,f
4,4,e,5,531,1130,21,14337.3,24.16,4418.8,8656.8,-82.3,-62.5,73,2.199,n
4,4,e,5,531,1130,22,14344.9,24.28,4580.1,8725.9,-83,-64.9,71.6,1.866,f
4,4,e,5,531,1130,23,14351.5,24.39,4280.6,9094.5,-81.5,-60.1,74.1,2.031,n
4,4,e,5,531,1130,24,14358.8,24.51,4418.8,8864.1,-82.6,-63.8,72.5,2,f
4,4,e,5,531,1130,25,14367.7,24.66,4464.9,8541.7,-83.1,-60.5,71.7,1.996,f
4,4,e,5,531,1130,26,14379.7,24.86,4902.5,8933.2,-83.8,-67.2,70.3,1.732,f
4,4,e,5,531,1130,27,14390.1,25.03,4741.3,8702.9,-83.5,-64.2,70.3,1.663,f
4,4,e,5,531,1130,28,14387.5,24.99,5547.4,9923.6,-85.9,-74.8,68.5,1.749,
5,5,c,1,604,630,1,8277.8,0,5458.7,9120.9,-72.2,-51.1,82.8,2.382,nn
5,5,c,1,604,630,2,8295.7,0.3,5550.9,9259.1,-71.7,-52.8,83,2.21,nn
5,5,c,1,604,630,3,8307.7,0.5,5297.5,9190,-71.1,-47.9,84.5,2.492,nn
5,5,c,1,604,630,4,8322.9,0.75,5205.4,9466.4,-72.8,-51.8,83,2.443,nn
5,5,c,1,604,630,5,8326.3,0.81,5481.8,9489.4,-85.8,-74.2,69.3,2.198,background
5,5,c,1,604,630,6,8335.1,0.95,5458.7,9097.9,-72.6,-54,82,2.18,nn
5,5,c,1,604,630,7,8347.9,1.17,5527.8,9443.4,-73.5,-54.4,81.9,2.419,nn
5,5,c,1,604,630,8,8362.6,1.41,5550.9,8890.6,-72.1,-51.3,82.9,2.608,nn
5,5,c,1,604,630,9,8372.8,1.58,5550.9,9005.8,-72.2,-54.6,82.7,2.443,nn
5,5,c,1,604,630,10,8385.4,1.79,5435.7,9097.9,-67.8,-47.2,87.4,2.4,nn
5,5,c,1,604,630,11,8396.7,1.98,5297.5,8867.6,-68.2,-45.5,87,2.492,nn
5,5,c,1,604,630,12,8408.4,2.18,5412.7,8844.5,-67.3,-47.6,87.9,2.602,nn
5,5,c,1,604,630,13,8419.8,2.37,5389.6,8591.2,-66.8,-45.7,88,2.572,nn
5,5,c,1,604,630,14,8431.6,2.56,5274.5,8821.5,-68,-47.9,86.9,2.339,nn
5,5,c,1,604,630,15,8443.3,2.76,5458.7,8706.3,-66.9,-45.9,87.5,2.376,nn
5,5,c,1,604,630,16,8470.9,3.22,5481.8,9167,-69.2,-49.7,85.5,2.192,nn
5,5,c,1,604,630,17,8484,3.44,5366.6,8821.5,-68.2,-46.5,86.6,2.406,nn
5,5,c,1,604,630,18,8499.3,3.69,5366.6,8821.5,-69,-48.5,86.3,2.627,nn
5,5,c,1,604,630,19,8510.9,3.88,5343.6,8890.6,-66.9,-46.8,88.2,2.48,nn
5,5,c,1,604,630,20,8524.1,4.1,5343.6,9213.1,-68.4,-47.8,87.1,2.504,nn
5,5,c,1,604,630,21,8537.2,4.32,5389.6,8959.7,-67.6,-47.5,86.9,2.174,nn
5,5,c,1,604,630,22,8549.9,4.54,5412.7,8637.2,-67.5,-46.7,86.8,2.192,nn
5,5,c,1,604,630,23,8562.4,4.74,5458.7,8798.5,-67.6,-48.2,87.1,2.419,nn
5,5,c,1,604,630,24,8575.5,4.96,5481.8,8867.6,-67.4,-47.3,87,2.223,nn
5,5,c,1,604,630,25,8589,5.19,5320.5,8936.7,-68,-47.9,86.8,2.253,nn
5,5,c,1,604,630,26,8600.7,5.38,5366.6,9305.2,-67.3,-47.1,88.4,2.559,nn
5,5,c,1,604,630,27,8613.4,5.59,5620,8959.7,-66.6,-46.8,88.2,2.406,nn
5,5,c,1,604,630,28,8626.8,5.82,5481.8,9005.8,-67.2,-46.9,88,2.541,nn
5,5,c,1,604,630,29,8640.7,6.05,5389.6,8913.6,-67.4,-46.3,87.3,2.253,nn
5,5,c,1,604,630,30,8650.6,6.21,5827.3,9028.8,-85.8,-75.3,67.7,1.953,background
5,5,c,1,604,630,31,8653.9,6.27,5573.9,8844.5,-67.5,-46.8,87.1,2.37,nn
5,5,c,1,604,630,32,8666.8,6.48,5573.9,8798.5,-66.8,-43.8,87.9,2.517,nn
5,5,c,1,604,630,33,8679.6,6.7,5458.7,8844.5,-66.9,-46.3,87.8,2.394,nn
5,5,c,1,604,630,34,8694.6,6.95,5458.7,8936.7,-67,-46.4,87.9,2.455,nn
5,5,c,1,604,630,35,8709.7,7.2,5412.7,8867.6,-68,-46.9,86.8,2.345,nn
5,5,c,1,604,630,36,8723.5,7.43,5320.5,8683.3,-67.1,-46.9,87.6,2.394,nn
5,5,c,1,604,630,37,8736.5,7.64,5343.6,8936.7,-67.7,-47.4,87.6,2.529,nn
5,5,c,1,604,630,38,8750.6,7.88,5366.6,8844.5,-67.7,-47.2,87.1,2.4,nn
5,5,c,1,604,630,39,8755,7.95,5643,8936.7,-85.8,-75.7,67.8,1.941,background
5,5,c,1,604,630,40,8762.2,8.07,5435.7,8867.6,-67.1,-46.6,87.5,2.302,nn
5,5,c,1,604,630,41,8782.5,8.41,5481.8,8706.3,-66.5,-47.3,87.6,2.223,nn
5,5,c,1,604,630,42,8798.5,8.68,5435.7,8821.5,-73.7,-54.9,80.9,2.253,n
5,5,c,1,604,630,43,8812.7,8.91,5412.7,9005.8,-76.8,-56.8,77,1.8,n
5,5,c,1,604,630,44,8829.4,9.19,5550.9,8729.4,-81.8,-65.1,71.9,1.965,f
5,5,c,1,604,630,45,8843.3,9.42,5712.1,8522.1,-82.8,-67.2,70,1.855,
5,5,c,2,604,830,1,962.5,0,5395.6,8666.3,-70.4,-51.3,84.3,2.48,nn
5,5,c,2,604,830,2,980.8,0.31,5464.7,9034.8,-71.9,-48.8,83.1,2.419,nn
5,5,c,2,604,830,3,977.3,0.25,5764.1,9080.8,-85.7,-75.6,67.9,1.916,background
5,5,c,2,604,830,4,995.7,0.55,5303.5,8758.4,-73.1,-52.6,80.8,1.916,n
5,5,c,2,604,830,5,1007.7,0.75,5441.7,8919.6,-71.2,-50.8,83.1,2.137,nn
5,5,c,2,604,830,6,1018.9,0.94,5441.7,8942.6,-72.2,-53.7,82.5,2.278,nn
5,5,c,2,604,830,7,1045.8,1.39,5487.8,8666.3,-75.2,-55.5,77.6,1.647,n
5,5,c,2,604,830,8,1063.7,1.69,5326.5,8781.4,-73.7,-51.6,80.9,2.29,n
5,5,c,2,604,830,9,1084.1,2.03,5303.5,8666.3,-74.2,-53.6,80.3,2.247,n
5,5,c,2,604,830,10,1107,2.41,5326.5,8827.5,-71.9,-51.8,82.9,2.339,nn
5,5,c,2,604,830,11,1126.9,2.74,5395.6,8827.5,-73.2,-51.3,81.3,2.253,n
5,5,c,2,604,830,12,1147.5,3.08,5395.6,8896.6,-72.6,-51.6,82,2.278,n
5,5,c,2,604,830,13,1168.1,3.43,5464.7,8781.4,-73,-51.3,80.8,1.99,n
5,5,c,2,604,830,14,1186.5,3.73,5464.7,8804.5,-73.2,-53.9,81.4,2.443,n
5,5,c,2,604,830,15,1205.2,4.05,5395.6,8942.6,-73.3,-54.6,81.2,2.174,n
5,5,c,2,604,830,16,1227.6,4.42,5372.6,8988.7,-74.1,-54.6,80.2,2.027,n
5,5,c,2,604,830,17,1244.4,4.7,5372.6,8873.5,-72.3,-54.2,82.3,2.259,n
5,5,c,2,604,830,18,1247.3,4.75,6316.9,9518.5,-85.9,-70.8,67.1,1.684,background
5,5,c,2,604,830,19,1263.1,5.01,5556.9,8850.5,-72.7,-53.9,81,1.959,n
5,5,c,2,604,830,20,1280.8,5.31,5556.9,8804.5,-74.9,-54.1,79.6,2.412,n
5,5,c,2,604,830,21,1286.5,5.4,6455.1,9311.2,-85.9,-75.3,67.2,1.923,background
5,5,c,2,604,830,22,1295.2,5.55,5211.4,9057.8,-73,-52.9,82.5,2.492,n
5,5,c,2,604,830,23,1375.3,6.88,5556.9,8528.1,-81.9,-64.2,71.3,1.941,ff
5,5,c,2,604,830,24,1372.4,6.83,6340,9149.9,-86,-74.6,67.4,2.143,background
5,5,c,2,604,830,25,1426.5,7.73,5741.1,8712.3,-78.9,-60.3,74.1,1.874,f
5,5,c,2,604,830,26,1440.7,7.97,5602.9,8896.6,-79.7,-60.3,74.2,2.045,f
5,5,c,2,604,830,27,1465.5,8.38,5879.3,8804.5,-79.9,-60.9,74.4,2.529,f
5,5,c,2,604,830,28,1483.8,8.69,5649,8896.6,-82.9,-64,70.5,1.886,ff
5,5,c,2,604,830,29,1500,8.96,5579.9,8620.2,-82.1,-64.9,71,1.843,ff
5,5,c,2,604,830,30,1543.6,9.69,5625.9,8896.6,-83.1,-66.1,70.4,1.892,ff
5,5,c,2,604,830,31,1574.9,10.21,5533.8,8482,-81.6,-65.3,71.2,1.788,ff
5,5,c,2,604,830,32,1613.5,10.85,5556.9,9034.8,-73.5,-49.3,80.2,1.825,n
5,5,c,2,604,830,33,1634.4,11.2,5441.7,8827.5,-79.8,-60.8,73.3,1.647,n
5,5,c,2,604,830,34,1686,12.06,5303.5,8873.5,-76.4,-56.6,78.9,2.608,f
5,5,c,2,604,830,35,1700.6,12.3,5349.6,8873.5,-73.1,-52.2,81.3,2.174,n
5,5,c,2,604,830,36,1711.3,12.48,5395.6,8758.4,-69.8,-48.1,84.9,2.376,nn
5,5,c,2,604,830,37,1748.4,13.1,5326.5,9173,-72.4,-50.5,82.2,2.039,n
5,5,c,2,604,830,38,1762.4,13.33,5418.7,8597.2,-69.7,-50.3,83.5,1.794,nn
5,5,c,2,604,830,39,1777.4,13.58,5533.8,8666.3,-68.6,-45.4,84.3,1.733,nn
5,5,c,2,604,830,40,1794.1,13.86,5441.7,8965.7,-71.8,-48.8,82.5,2.082,n
5,5,c,2,604,830,41,1807.6,14.09,5579.9,8804.5,-71.1,-49.4,83,2.229,n
5,5,c,2,604,830,42,1825.4,14.38,5441.7,9311.2,-66,-44.4,89.5,2.517,nnn
5,5,c,2,604,830,43,1821.5,14.32,6109.6,9748.8,-86,-75.8,68.2,1.996,background
5,5,c,2,604,830,44,1849.9,14.79,5464.7,8850.5,-64.3,-43.2,90,2.174,nnn
5,5,c,2,604,830,45,1866.2,15.06,5579.9,8850.5,-63.3,-43.2,90.6,2.082,
5,5,c,3,604,2000,1,7309.7,0,5418.7,8735.4,-83.3,-69.5,70.3,1.825,ff
5,5,c,3,604,2000,2,7306.2,-0.06,5649,9126.9,-85,-74.5,68.9,1.935,background
5,5,c,3,604,2000,3,7323.1,0.22,5602.9,8873.5,-83.6,-68.7,69.3,1.61,ff
5,5,c,3,604,2000,4,7335.9,0.44,5556.9,8827.5,-81.6,-62.2,72,1.904,f
5,5,c,3,604,2000,5,7352.5,0.71,5441.7,8873.5,-81.9,-65.5,72.2,2.076,f
5,5,c,3,604,2000,6,7355.1,0.76,6017.5,9472.4,-85.4,-74.2,68.3,1.843,background
5,5,c,3,604,2000,7,7374,1.07,5234.4,8528.1,-83,-69.3,70.1,1.702,ff
5,5,c,3,604,2000,8,7392.1,1.37,5464.7,8988.7,-83.8,-69.3,69.6,1.721,ff
5,5,c,3,604,2000,9,7705.3,6.59,5625.9,8758.4,-85.3,-75,67.9,1.806,background
5,5,c,3,604,2000,10,7707.7,6.63,5487.8,8712.3,-76.1,-57.9,77.8,2.125,n
5,5,c,3,604,2000,11,7779.7,7.83,5533.8,9034.8,-81.3,-62.3,73.4,2.29,f
5,5,c,3,604,2000,12,7792.9,8.05,5395.6,8965.7,-80.3,-60.3,73.8,1.984,
5,5,c,4,605,530,1,4933.3,0,5441.7,8735.4,-78.3,-61.1,74,1.421,n
5,5,c,4,605,530,2,4931.7,0.24,6409.1,9219,-82.7,-62.9,69.1,1.451,background
5,5,c,4,605,530,3,4947.4,0.24,5441.7,8689.3,-74.2,-55.3,78.8,1.69,n
5,5,c,4,605,530,4,4967.6,0.57,5441.7,8804.5,-76.8,-59.1,77,1.99,n
5,5,c,4,605,530,5,6170.9,20.63,6247.8,8873.5,-83.4,-66.2,68.3,1.512,background
5,5,c,4,605,530,6,6174.9,20.69,5326.5,8620.2,-69.7,-49,84,1.953,nn
5,5,c,4,605,530,7,6193.7,21.01,5211.4,8827.5,-69,-50.3,85.9,2.29,nn
5,5,c,4,605,530,8,6208.2,21.25,5464.7,8643.2,-66.4,-44.6,87.9,2.345,nn
5,5,c,4,605,530,9,6205.4,21.2,5925.4,8919.6,-83.3,-67.7,70,1.923,background
5,5,c,4,605,530,10,6231,21.63,5556.9,8459,-73.1,-57.3,79.5,1.684,n
5,5,c,4,605,530,11,6249.3,21.93,5349.6,8850.5,-73.4,-54.3,80.5,1.947,n
5,5,c,4,605,530,12,6265.1,22.2,5487.8,8735.4,-73,-52.8,80.4,1.819,n
5,5,c,4,605,530,13,6299.4,22.77,5418.7,8735.4,-75.3,-55.5,77,1.365,n
5,5,c,4,605,530,14,6319.7,23.11,5441.7,8942.6,-75.5,-57.4,78.1,1.812,n
5,5,c,4,605,530,15,6329.9,23.28,5418.7,8850.5,-71.1,-51.3,83.5,2.302,
5,5,c,5,605,830,1,1660.3,0,5764.1,8896.6,-81.5,-66,72.4,2.186,ff
5,5,c,5,605,830,2,1676.9,0.28,5764.1,8919.6,-82.1,-67.5,71.3,1.904,ff
5,5,c,5,605,830,3,1688.6,0.47,5487.8,9034.8,-84.3,-72.2,69,1.616,background
5,5,c,5,605,830,4,1690.3,0.5,5649,9103.9,-82.3,-67,71.9,2.063,ff
5,5,c,5,605,830,5,1716.5,0.94,6386,9495.4,-84.4,-72.9,68.7,1.819,background
5,5,c,5,605,830,6,1722.4,1.03,5787.2,9126.9,-82.1,-66.5,70.8,1.592,ff
5,5,c,5,605,830,7,1745.6,1.42,5464.7,8781.4,-66.8,-47.7,87.9,2.431,nn
5,5,c,5,605,830,8,1777.6,1.96,5464.7,8689.3,-66.9,-46.6,87,2.082,nn
5,5,c,5,605,830,9,1796.3,2.27,5625.9,8850.5,-67.6,-47.5,86.1,2.045,nn
5,5,c,5,605,830,10,1841.7,3.02,5510.8,9034.8,-73.6,-53.2,80.6,2.021,n
5,5,c,5,605,830,11,1855.6,3.25,5533.8,8804.5,-63.5,-45.9,90,1.91,nn
5,5,c,5,605,830,12,1870.3,3.5,5510.8,8850.5,-66.4,-47.5,88.5,2.486,nn
5,5,c,5,605,830,13,1882.9,3.71,5672,8827.5,-66.4,-45.3,87.7,2.21,nn
5,5,c,5,605,830,14,1897,3.94,5649,8827.5,-64.8,-48.6,89.2,2.186,nn
5,5,c,5,605,830,15,1924.8,4.41,5649,8919.6,-73.3,-52.6,80.4,1.959,n
5,5,c,5,605,830,16,1938.7,4.64,5556.9,8643.2,-72,-55.8,80.8,1.702,n
5,5,c,5,605,830,17,1952.2,4.86,5510.8,8965.7,-73.1,-54.2,81.1,2.063,n
5,5,c,5,605,830,18,1983.5,5.39,5672,8620.2,-69.8,-50.4,82.8,1.708,n
5,5,c,5,605,830,19,1950.1,4.83,7192.2,10416.7,-85.2,-74.1,68.5,1.972,background
6,6,e,1,529,830,1,1572.3,0,5324.9,8734.7,-84.6,-70.9,68.9,1.786,ff
6,6,e,1,529,830,2,1584.9,0.21,5390.4,9029.8,-84.7,-70.1,69.7,2.053,ff
6,6,e,1,529,830,3,1582.5,0.17,5849.4,9390.4,-86.6,-76.7,67.1,1.803,background
6,6,e,1,529,830,4,1594.9,0.38,5652.7,9226.5,-84.1,-68.2,71,2.506,ff
6,6,e,1,529,830,5,1610.5,0.64,5217,9134.7,-83.7,-67.4,71,2.013,ff
6,6,e,1,529,830,6,1620.2,0.8,5464.1,9028.8,-81.3,-62,73,2.07,f
6,6,e,1,529,830,7,1617.8,0.76,5958.2,9452.3,-86.4,-75.9,67.5,1.905,background
6,6,e,1,529,830,8,1630,0.96,5252.3,9452.3,-80.7,-59.2,74.9,2.41,n
6,6,e,1,529,830,9,1642.1,1.16,5287.6,9205.3,-82.3,-64.9,71.3,1.593,f
6,6,e,1,529,830,10,1674.8,1.71,5040.6,9170,-84.5,-67,69.5,1.644,ff
6,6,e,1,529,830,11,1694.3,2.03,5322.9,8534.7,-85.5,-68.7,67,1.463,ff
6,6,e,1,529,830,12,1705.7,2.22,5534.7,8428.8,-84.9,-71.5,68.4,2.064,ff
6,6,e,1,529,830,13,1703.6,2.19,5570,8675.9,-86.3,-74.4,67.1,1.911,
6,6,e,2,529,1800,1,1.9,0,5504.8,8429.9,-79.1,-62,72.4,1.323,f
6,6,e,2,529,1800,2,6.7,0.08,5573.9,9028.8,-86.4,-76.4,68.1,2.223,background
6,6,e,2,529,1800,3,108.7,1.78,5320.5,9305.2,-84.1,-65.5,71.2,2.284,f
6,6,e,2,529,1800,4,105.9,1.73,5481.8,9259.1,-86.4,-76.5,68.4,2.229,background
6,6,e,2,529,1800,5,116.4,1.91,5504.8,9374.3,-85,-70.2,70.5,2.529,f
6,6,e,2,529,1800,6,133.6,2.19,5435.7,9328.2,-84.7,-70.3,72.1,3.288,f
6,6,e,2,529,1800,7,145.6,2.39,5527.8,8890.6,-84.3,-67.3,69.6,1.99,ff
6,6,e,2,529,1800,8,152.9,2.52,5251.4,9213.1,-85,-72.1,71.3,2.982,f
6,6,e,2,529,1800,9,175.3,2.89,5527.8,8844.5,-84,-68.3,69.8,1.916,f
6,6,e,2,529,1800,10,197.2,3.25,6011.5,9144,-86.2,-75.6,67.6,2.112,background
6,6,e,2,529,1800,11,199.8,3.3,5366.6,9374.3,-84.6,-69.2,70.8,2.443,f
6,6,e,2,529,1800,12,212.6,3.51,5758.2,9259.1,-83.6,-69.1,70.9,2.198,f
6,6,e,2,529,1800,13,224.9,3.72,5481.8,9420.3,-82.6,-61.9,73.3,2.706,n
6,6,e,2,529,1800,14,231.9,3.83,5274.5,9581.6,-82,-63.5,75,3.178,n
6,6,e,2,529,1800,15,244.9,4.05,5113.2,9351.2,-82.1,-62.8,73.5,2.339,n
6,6,e,2,529,1800,16,252.2,4.17,5873.3,9696.7,-82.2,-64.8,72.4,2.039,f
6,6,e,2,529,1800,17,262.6,4.34,5044.1,10065.3,-83.1,-64.1,73.7,2.602,n
6,6,e,2,529,1800,18,274.4,4.54,5504.8,8959.7,-79.9,-63.4,73.9,1.898,n
6,6,e,2,529,1800,19,284.6,4.71,5527.8,9489.4,-82.2,-62.8,72.3,1.88,f
6,6,e,2,529,1800,20,297.7,4.93,5481.8,9213.1,-79.2,-61.4,72.9,1.182,n
6,6,e,2,529,1800,21,305.8,5.06,5320.5,8913.6,-81,-63.5,74.4,2.608,n
6,6,e,2,529,1800,22,331.2,5.49,4998.1,9581.6,-82,-59.5,74.4,2.547,
6,6,e,3,530,730,1,11521.6,0,5292.1,9128.1,-53.9,-31.5,100.4,1.905,nn
6,6,e,3,530,730,2,11533.3,0.19,5193.7,9095.3,-57.6,-37,96.1,1.622,nn
6,6,e,3,530,730,3,11541.8,0.34,4603.5,9095.3,-57.1,-35.5,97.1,1.582,nn
6,6,e,3,530,730,4,11550.9,0.49,5193.7,9128.1,-55.8,-34.8,99.7,2.461,nn
6,6,e,3,530,730,5,11561.2,0.66,4931.4,9259.3,-56.5,-33.8,99.4,2.444,nn
6,6,e,3,530,730,6,11573.4,0.86,4931.4,9062.6,-57.1,-34.8,98.4,2.325,nn
6,6,e,3,530,730,7,11585.2,1.06,5193.7,9128.1,-56.3,-34.4,99.3,2.484,nn
6,6,e,3,530,730,8,11597.3,1.26,5062.6,8865.8,-55.7,-33.7,99.3,2.291,nn
6,6,e,3,530,730,9,11609.3,1.46,5095.3,9128.1,-56.3,-33.9,99.3,2.444,nn
6,6,e,3,530,730,10,11622.3,1.68,5193.7,10701.9,-62.3,-37.6,95.9,3.277,nn
6,6,e,3,530,730,11,11630.4,1.81,5160.9,9062.6,-56.3,-35.1,98.9,2.353,nn
6,6,e,3,530,730,12,11642,2.01,5160.9,9128.1,-58.7,-36.5,97.1,2.659,nn
6,6,e,3,530,730,13,11654.6,2.22,5160.9,9029.8,-58,-36.2,97.7,2.637,nn
6,6,e,3,530,730,14,11668,2.44,5062.6,8833.1,-59.8,-39.9,95.4,2.455,nn
6,6,e,3,530,730,15,11680.8,2.65,5128.1,9226.5,-61.6,-40.3,94.5,2.682,n
6,6,e,3,530,730,16,11692.9,2.85,5095.3,9029.8,-61.9,-41.7,93.5,2.399,n
6,6,e,3,530,730,17,11720.3,3.31,5390.4,8931.4,-61.3,-40.7,93.7,2.427,n
6,6,e,3,530,730,18,11733,3.52,5029.8,8964.2,-61.7,-41.2,93.7,2.37,n
6,6,e,3,530,730,19,11747.5,3.76,5128.1,9128.1,-61.3,-39.1,94.2,2.45,n
6,6,e,3,530,730,20,11763.1,4.02,5160.9,9062.6,-62.2,-42,92.7,2.189,n
6,6,e,3,530,730,21,11815.4,4.9,5488.8,9324.9,-67.9,-45.5,86.6,2.002,n
6,6,e,3,530,730,22,11829.2,5.13,5357.6,9062.6,-68.6,-50.2,86.2,2.268,n
6,6,e,3,530,730,23,11855.6,5.57,5160.9,8767.5,-63.1,-39.2,90.2,1.627,n
6,6,e,3,530,730,24,11866.8,5.75,5292.1,8997,-59.5,-39.4,94.8,1.99,n
6,6,e,3,530,730,25,11927.7,6.77,5226.5,8603.5,-58.9,-39.4,94.6,1.815,n
6,6,e,3,530,730,26,11939.5,6.97,5226.5,8997,-60.2,-39,95,2.404,n
6,6,e,3,530,730,27,11961.5,7.33,5062.6,9521.6,-61.5,-38.9,94.9,2.654,n
6,6,e,3,530,730,28,11974.6,7.55,5226.5,9292.1,-60.3,-38.8,95,2.262,n
6,6,e,3,530,730,29,12006.6,8.08,5128.1,9226.5,-62.9,-42.5,92.7,2.399,n
6,6,e,3,530,730,30,12022,8.34,4997,8833.1,-62.4,-40.3,92.7,2.268,n
6,6,e,3,530,730,31,12055.2,8.89,5128.1,9095.3,-62.3,-40.6,93.3,2.489,n
6,6,e,3,530,730,32,12068.7,9.12,5324.9,9160.9,-60.3,-39.5,94.7,2.234,n
6,6,e,3,530,730,33,12066,9.07,5947.8,9915,-86.3,-72.2,68.1,1.894,background
6,6,e,3,530,730,34,12080.1,9.31,5062.6,9095.3,-60.6,-39.1,95.2,2.563,n
6,6,e,3,530,730,35,12077.5,9.26,5423.2,9783.9,-86.2,-74.9,69.2,2.126,background
6,6,e,3,530,730,36,12091.3,9.49,5193.7,9095.3,-61,-38.5,94.3,2.382,n
6,6,e,3,530,730,37,12121.3,9.99,5357.6,9095.3,-83,-66,71.4,1.99,f
6,6,e,3,530,730,38,12137.5,10.26,5751.1,9751.1,-81.5,-64.3,71.1,1.219,f
6,6,e,3,530,730,39,12149,10.46,5226.5,9160.9,-80.9,-63.2,73.9,2.098,f
6,6,e,3,530,730,40,12163.9,10.7,5456,8997,-77.3,-59.4,74,1.077,f
6,6,e,3,530,730,41,12175.8,10.9,5160.9,8997,-79.3,-60.4,75.1,2.03,f
6,6,e,3,530,730,42,13508.2,33.11,5357.6,8865.8,-86.1,-75.4,67.2,1.65,background
6,6,e,3,530,730,43,13987.9,41.11,6046.2,9226.5,-86.3,-75.8,67.1,1.843,
6,6,e,4,530,830,1,2815.6,0,5136.3,8867.6,-74.1,-54.6,81.1,2.394,n
6,6,e,4,530,830,2,2824.6,0.15,5159.3,9005.8,-71.2,-51.2,85.3,3.166,nn
6,6,e,4,530,830,3,2821.1,0.09,5643,9097.9,-86.4,-76.1,68.9,2.682,background
6,6,e,4,530,830,4,2837.3,0.36,5044.1,9120.9,-71.9,-51.1,83.8,2.449,n
6,6,e,4,530,830,5,2847.2,0.53,4975,9097.9,-73.8,-55.6,81.8,2.443,n
6,6,e,4,530,830,6,2860.8,0.75,5159.3,9144,-73.7,-51,81.9,2.529,n
6,6,e,4,530,830,7,2858.6,0.72,6403.1,9673.7,-86.6,-76.9,67.5,2.155,background
6,6,e,4,530,830,8,2870.4,0.91,5389.6,8959.7,-74.1,-53.1,80.9,2.443,n
6,6,e,4,530,830,9,2896.7,1.35,5113.2,9213.1,-75.4,-53.6,79.8,2.21,n
6,6,e,4,530,830,10,2906.2,1.51,5458.7,8982.7,-71.2,-48.3,84.1,2.657,nn
6,6,e,4,530,830,11,2916.3,1.68,5689.1,8913.6,-86.4,-76.1,68.2,2.431,background
6,6,e,4,530,830,12,2919.1,1.72,5136.3,9074.9,-72.6,-53.5,83.4,2.798,n
6,6,e,4,530,830,13,2928.1,1.88,5251.4,8890.6,-70.2,-47.7,85.2,2.639,nn
6,6,e,4,530,830,14,2940.8,2.09,5389.6,8890.6,-71.2,-51.7,83.5,2.321,n
6,6,e,4,530,830,15,2963.7,2.47,5182.3,8660.3,-74,-51.6,80.6,2.253,n
6,6,e,4,530,830,16,2976.5,2.68,5205.4,8959.7,-73.8,-54.4,82.1,2.847,n
6,6,e,4,530,830,17,2985.8,2.84,5228.4,8959.7,-71.8,-51.3,84.1,2.817,n
6,6,e,4,530,830,18,2995.1,2.99,5320.5,8775.4,-70.7,-50.3,84.9,2.841,n
6,6,e,4,530,830,19,3025.5,3.5,5113.2,8706.3,-71,-53,83.4,2.119,n
6,6,e,4,530,830,20,3036.3,3.68,5343.6,8890.6,-71.4,-52.6,83,2.143,n
6,6,e,4,530,830,21,3046,3.84,5113.2,8775.4,-71.4,-53.2,84.3,2.786,n
6,6,e,4,530,830,22,3064.8,4.15,5550.9,8844.5,-76.3,-57.5,78.1,2.284,n
6,6,e,4,530,830,23,3079.9,4.4,5090.2,9397.3,-77.2,-56.8,77.7,1.965,n
6,6,e,4,530,830,24,3092.8,4.62,5297.5,9028.8,-77.3,-57.1,77.6,2.272,n
6,6,e,4,530,830,25,3106.7,4.85,5389.6,8913.6,-77.2,-57.3,76.8,1.91,n
6,6,e,4,530,830,26,3119.1,5.06,5573.9,8913.6,-79.5,-60.1,74.6,2.076,f
6,6,e,4,530,830,27,3131.1,5.26,5550.9,8660.3,-79.8,-63.6,73.9,2.063,f
6,6,e,4,530,830,28,3145.5,5.5,5366.6,9144,-79.4,-61.1,75.5,2.241,f
6,6,e,4,530,830,29,3162.6,5.78,5666,8752.4,-78.7,-62.5,73.5,1.47,f
6,6,e,4,530,830,30,3579.4,12.73,6241.8,9443.4,-86.6,-75.8,67.2,2.033,
6,6,e,5,531,1030,1,9093.9,0,5372.6,8988.7,-80.8,-63.5,74,2.327,n
6,6,e,5,531,1030,2,9106.2,0.21,5764.1,9034.8,-82.5,-62.7,70.9,1.806,f
6,6,e,5,531,1030,3,9112.2,0.31,5649,9587.6,-82.2,-62.8,72.9,2.247,f
6,6,e,5,531,1030,4,9114.8,0.35,5741.1,9587.6,-85.6,-74.9,68.8,1.984,background
6,6,e,5,531,1030,5,9119.5,0.43,5533.8,9173,-80.5,-60.3,74.8,2.627,n
6,6,e,5,531,1030,6,9127,0.55,5303.5,9403.3,-81.5,-60.8,74.7,2.737,n
6,6,e,5,531,1030,7,9149.7,0.93,5165.3,9265.1,-79.7,-61.2,76.8,3.012,n
6,6,e,5,531,1030,8,9157.3,1.06,5579.9,9173,-80.7,-62.8,75.6,3.288,n
6,6,e,5,531,1030,9,9164.7,1.18,5280.5,9449.4,-79.3,-61.7,77,2.829,nn
6,6,e,5,531,1030,10,9171,1.28,5625.9,9541.5,-78.9,-58.4,76.6,2.492,nn
6,6,e,5,531,1030,11,9181,1.45,5372.6,9656.7,-81.3,-64,75.5,3.025,nn
6,6,e,5,531,1030,12,9191.5,1.63,5372.6,9610.6,-80.4,-59.1,76.6,3.215,nn
6,6,e,5,531,1030,13,9203.4,1.83,5441.7,9149.9,-80.3,-63.2,76.1,3.208,nn
6,6,e,5,531,1030,14,9210.1,1.94,5441.7,8965.7,-80.7,-61.9,75,2.902,n
6,6,e,5,531,1030,15,9214.2,2.01,6409.1,10554.9,-84.9,-73.8,70.6,2.357,background
6,6,e,5,531,1030,16,9217.4,2.06,5464.7,9910,-79.8,-59.6,77.2,3.117,nn
6,6,e,5,531,1030,17,9227.5,2.23,5234.4,9380.3,-82.6,-63.6,73.9,2.921,n
6,6,e,5,531,1030,18,9235.3,2.36,5372.6,9242.1,-83.5,-68.7,72.4,2.78,f
6,6,e,5,531,1030,19,9242.3,2.47,5510.8,9610.6,-83.8,-69.4,72.4,2.768,f
6,6,e,5,531,1030,20,9249,2.59,5487.8,9679.7,-83.8,-66.5,72.5,2.761,f
6,6,e,5,531,1030,21,9258.4,2.74,5234.4,9311.2,-83.2,-62.8,72.5,2.461,f
6,6,e,5,531,1030,22,9272.5,2.98,5487.8,9196,-84.3,-68.6,71.1,2.474,f
6,6,e,5,531,1030,23,9751.8,10.97,6017.5,9610.6,-85.4,-74.1,69.2,2.192,background
6,6,e,5,531,1030,24,9755.3,11.02,5234.4,9449.4,-84.3,-69.2,71.8,2.639,f
6,6,e,5,531,1030,25,9762.2,11.14,5257.4,8873.5,-83.7,-69,71.8,2.706,f
6,6,e,5,531,1030,26,9812.2,11.97,6201.8,9748.8,-85.8,-75.4,68.4,2.063,background
6,6,e,5,531,1030,27,9814.9,12.02,5602.9,9219,-84.3,-70.7,70.4,2.204,f
6,6,e,5,531,1030,28,9821.2,12.12,5625.9,9587.6,-84.5,-70.5,71.4,2.694,f
6,6,e,5,531,1030,29,9828.6,12.25,5487.8,9242.1,-84.3,-71.8,70.7,2.321,f
6,6,e,5,531,1030,30,9837.3,12.39,5372.6,9426.3,-84.4,-71.1,71.2,2.449,f
6,6,e,5,531,1030,31,9852.9,12.65,5487.8,9219,-84.5,-70.2,71.5,2.841,f
6,6,e,5,531,1030,32,9861.1,12.79,5672,9403.3,-84.7,-72.1,71.1,2.737,f
6,6,e,5,531,1030,33,9869.9,12.93,5257.4,9265.1,-84.7,-71.3,70.5,2.272,f
6,6,e,5,531,1030,34,9878.3,13.07,5372.6,8919.6,-83.9,-66.3,71,2.382,f
6,6,e,5,531,1030,35,9900.2,13.44,5395.6,9334.2,-84.2,-70.7,71.2,2.382,f
6,6,e,5,531,1030,36,9910.5,13.61,5326.5,9380.3,-84.4,-69,71.3,2.443,f
6,6,e,5,531,1030,37,9918.5,13.74,5142.3,9633.6,-84.4,-69.8,71.6,2.443,f
6,6,e,5,531,1030,38,9926.7,13.88,5372.6,9426.3,-84.2,-70.6,72,2.829,f
6,6,e,5,531,1030,39,10779.8,28.1,5441.7,9334.2,-80,-63.9,75.9,2.755,n
6,6,e,5,531,1030,40,10789.2,28.26,5395.6,9426.3,-79.9,-62.9,76.8,3.19,
11,7,c,1,528,1800,1,25.8,0,5165.3,9979.1,-81,-60,74.4,1.996,
11,7,c,1,528,1800,2,37,0.19,5188.3,9587.6,-79.9,-61.5,75.8,2.284,
11,7,c,1,528,1800,3,44.9,0.32,5234.4,9380.3,-78.7,-61.3,76.7,2.235,
11,7,c,1,528,1800,4,100.7,1.25,5096.2,9265.1,-79.1,-65.7,75.9,2.106,
11,7,c,1,528,1800,5,108.2,1.37,4865.9,9564.5,-79.4,-63.6,75.9,1.947,
11,7,c,1,528,1800,6,115.9,1.5,4865.9,9610.6,-80.4,-65.3,76,2.468,
11,7,c,1,528,1800,7,123.6,1.63,5372.6,9840.9,-81.2,-64.6,74.6,2.333,
11,7,c,1,528,1800,8,131,1.75,4704.6,9702.7,-80,-63.5,76.7,2.566,
11,7,c,1,528,1800,9,139.8,1.9,5050.1,9771.8,-81,-64,75.6,2.59,
11,7,c,1,528,1800,10,146.8,2.02,5073.2,9725.8,-79.8,-62.5,76.8,2.706,
11,7,c,1,528,1800,11,157.8,2.2,5211.4,9518.5,-78.4,-59.5,77.9,2.645,
11,7,c,1,528,1800,12,164.5,2.31,5257.4,9057.8,-76.1,-55.1,79.2,2.437,
11,7,c,1,528,1800,13,171,2.42,4958,9610.6,-80.1,-62.4,76.4,2.596,
11,7,c,1,528,1800,14,179.9,2.57,4958,9679.7,-81.5,-62.7,73.9,2.014,
11,7,c,1,528,1800,15,185.7,2.66,5142.3,9426.3,-79.5,-59.1,76.5,2.547,
11,7,c,1,528,1800,16,190.1,2.74,4635.5,9887,-80.7,-59.7,75.5,2.149,
11,7,c,1,528,1800,17,192.6,2.78,4727.7,9817.9,-86.1,-75.9,69.5,1.929,background
11,7,c,1,528,1800,18,195.7,2.83,4888.9,9265.1,-79.7,-60.8,76.7,2.755,
11,7,c,1,528,1800,19,486.3,7.67,5142.3,9587.6,-82.5,-63,73.1,2.247,
11,7,c,1,528,1800,20,493.8,7.8,5142.3,9541.5,-81.8,-65.9,74.4,2.584,
11,7,c,1,528,1800,21,500.4,7.91,5234.4,9633.6,-81.1,-63.3,74.3,2.137,
11,7,c,1,528,1800,22,506.5,8.01,5050.1,9518.5,-81.9,-62.8,74.6,2.67,
11,7,c,1,528,1800,23,514.7,8.15,4796.8,9403.3,-81.4,-62.3,75.3,2.786,
11,7,c,1,528,1800,24,522.9,8.29,4958,9011.7,-80.5,-59.8,75.2,2.504,
11,7,c,1,528,1800,25,540.2,8.57,5119.2,9702.7,-80.5,-61.1,76.1,2.694,
11,7,c,1,528,1800,26,549.8,8.73,5234.4,9449.4,-80.3,-58,75,2.223,
11,7,c,1,528,1800,27,566.3,9.01,4681.6,9126.9,-79.7,-60.6,76.9,2.768,
11,7,c,1,528,1800,28,594.9,9.48,6017.5,9057.8,-80,-64.5,74.2,2.419,
11,7,c,1,528,1800,29,602.4,9.61,5833.2,9495.4,-79.6,-62.5,75,2.143,
11,7,c,1,528,1800,30,610.9,9.75,4981,8827.5,-79.9,-62.9,75.1,2.235,
11,7,c,1,528,1800,31,621.6,9.93,5257.4,9219,-81.7,-64.8,73.4,2.253,
11,7,c,1,528,1800,32,628.1,10.04,5096.2,9380.3,-82,-62.5,74.4,2.743,
11,7,c,1,528,1800,33,634,10.14,5211.4,9541.5,-81.7,-65.3,75,2.939,
11,7,c,1,528,1800,34,637.4,10.19,5349.6,9472.4,-85.9,-75.1,69.2,2.149,
11,7,c,1,528,1800,35,642,10.27,5372.6,9265.1,-80.8,-66.1,75.1,2.774,
11,7,c,1,528,1800,36,650.2,10.41,4935,9702.7,-81.7,-65,74.4,2.29,
11,7,c,1,528,1800,37,656.3,10.51,5487.8,9219,-81.2,-65.1,74.3,2.596,
11,7,c,1,528,1800,38,662.7,10.62,5372.6,9334.2,-82,-66.8,72.9,2.119,
11,7,c,1,528,1800,39,670.8,10.75,5672,9080.8,-81.6,-65.9,73.8,2.798,
11,7,c,1,528,1800,40,712.1,11.44,5280.5,9288.1,-82.3,-63.9,73.3,2.455,
11,7,c,1,528,1800,41,721.8,11.6,5188.3,9196,-81.5,-64.6,73.8,2.259,
11,7,c,1,528,1800,42,729.9,11.73,5326.5,9311.2,-81.3,-63.5,74.7,2.706,
11,7,c,1,528,1800,43,770.1,12.4,5004.1,9288.1,-83.3,-67,72.4,2.333,
11,7,c,1,528,1800,44,779.1,12.55,5280.5,9034.8,-83,-67.4,71.7,2.168,
11,7,c,1,528,1800,45,821.3,13.26,4911.9,8505,-82.6,-63.1,72.1,2.253,
11,7,c,1,528,1800,46,846.6,13.68,5234.4,9057.8,-81.9,-60.1,72.6,1.996,
11,7,c,1,528,1800,47,852.1,13.77,4981,8459,-81.6,-63.1,73.2,2.376,
11,7,c,1,528,1800,48,909.9,14.74,4773.7,9564.5,-83.7,-62.6,73.1,2.706,
11,7,c,1,528,1800,49,920.3,14.91,4865.9,9357.2,-81.9,-62.1,74.2,2.486,
11,7,c,1,528,1800,50,928.7,15.05,4451.3,9472.4,-82.2,-62.1,74.7,2.657,
11,7,c,1,528,1800,51,937.3,15.19,5533.8,9173,-81.3,-63,74.2,2.712,
11,7,c,1,528,1800,52,944.9,15.32,5418.7,9242.1,-80.5,-61.9,75.2,2.657,
11,7,c,1,528,1800,53,992.2,16.11,5326.5,9126.9,-83.9,-67.2,71,2.21,
11,7,c,1,528,1800,54,999.7,16.23,5602.9,9011.7,-83.7,-69.6,70.6,2.149,
11,7,c,1,528,1800,55,1258,20.54,5625.9,8873.5,-82.8,-65.6,71.6,2.363,
11,7,c,1,528,1800,56,1267.7,20.7,5695,8919.6,-83,-67.4,71.2,2.217,
11,7,c,1,528,1800,57,1279.7,20.9,5810.2,8942.6,-80.5,-61.5,73.9,2.345,
11,7,c,1,528,1800,58,1286.6,21.01,5741.1,9034.8,-79.8,-61.3,75,2.474,
11,7,c,2,528,1900,1,3607.4,0,6270.9,9610.6,-70.6,-47.7,84.3,2.51,n
11,7,c,2,528,1900,2,3603.9,0,6363,9679.7,-86.2,-74.7,68.5,2.394,background
11,7,c,2,528,1900,3,3620,0.21,6063.6,9311.2,-70.8,-50.1,83.5,2.235,n
11,7,c,2,528,1900,4,3639,0.53,6270.9,9219,-68.7,-45.8,85,2.149,n
11,7,c,2,528,1900,5,3671.6,1.07,6086.6,9656.7,-71.5,-49.5,83.4,2.284,n
11,7,c,2,528,1900,6,3692.1,1.41,5971.4,9725.8,-73.3,-51.1,81.6,2.265,n
11,7,c,2,528,1900,7,3705.8,1.64,6017.5,9495.4,-70.8,-47.8,84.1,2.388,n
11,7,c,2,528,1900,8,3732.8,2.09,6293.9,9771.8,-71.4,-52.1,83.3,2.284,n
11,7,c,2,528,1900,9,3765.5,2.63,5994.5,9864,-70.8,-49.6,84.6,2.437,n
11,7,c,2,528,1900,10,3788.4,3.02,6247.8,9426.3,-65.1,-46,89.5,2.492,nn
11,7,c,2,528,1900,11,3799.4,3.2,6132.7,9495.4,-68.5,-49.5,86.7,2.621,nn
11,7,c,2,528,1900,12,3808.8,3.36,5948.4,9702.7,-68.3,-49.7,87.7,2.847,nn
11,7,c,2,528,1900,13,3818.3,3.52,6224.8,9979.1,-71.1,-51,83.9,2.321,n
11,7,c,2,528,1900,14,3831.7,3.74,6201.8,9242.1,-68.5,-51.2,86.1,2.596,nn
11,7,c,2,528,1900,15,3844.9,3.96,6547.3,9057.8,-70.7,-54.6,81.3,1.708,n
11,7,c,2,528,1900,16,3853.3,4.1,6409.1,9771.8,-66.5,-45.7,88.5,2.504,nn
11,7,c,2,528,1900,17,3880.5,4.55,6224.8,9449.4,-71.7,-53.5,82.7,2.357,n
11,7,c,2,528,1900,18,3877.1,4.49,6109.6,9311.2,-86.4,-76.4,68.2,2.437,background
11,7,c,2,528,1900,19,3890.7,4.72,6063.6,10071.2,-68.7,-46.3,86.7,2.308,nn
11,7,c,2,528,1900,20,3908,5.01,6017.5,9288.1,-70.9,-52.9,82.9,1.996,n
11,7,c,2,528,1900,21,3922,5.24,5879.3,9288.1,-69,-50.5,85.7,2.296,nn
11,7,c,2,528,1900,22,3941.9,5.57,5948.4,9403.3,-71.1,-48.5,83.2,2.1,n
11,7,c,2,528,1900,23,3956.2,5.81,6063.6,9288.1,-67.4,-44.9,86.3,1.984,nn
11,7,c,2,528,1900,24,3971.5,6.07,6155.7,9380.3,-68.5,-48.1,86,2.351,nn
11,7,c,2,528,1900,25,3992.7,6.42,5971.4,9587.6,-68.4,-44.7,86.4,2.278,nn
11,7,c,2,528,1900,26,4004.4,6.62,6270.9,9449.4,-65.5,-43.4,88.2,2.021,nn
11,7,c,2,528,1900,27,4041,7.23,6017.5,9725.8,-67.3,-44.1,86.4,1.751,nn
11,7,c,2,528,1900,28,4055,7.46,5971.4,9587.6,-67.4,-46.2,88.1,2.645,nn
11,7,c,2,528,1900,29,4071.6,7.74,6017.5,9541.5,-68.3,-45.9,86.8,2.529,nn
11,7,c,2,528,1900,30,4100.2,8.21,6017.5,9380.3,-69.7,-48.1,85.5,2.633,nn
11,7,c,2,528,1900,31,4118,8.51,5902.3,9864,-71.3,-49.1,84.1,2.351,n
11,7,c,2,528,1900,32,4177.4,9.5,5833.2,9242.1,-79.5,-59.3,73,1.439,f
11,7,c,2,528,1900,33,4229.6,10.37,5718.1,9748.8,-72.9,-51.6,81.9,2.027,n
11,7,c,2,528,1900,34,4243.7,10.6,5925.4,9334.2,-70.5,-51.2,84.5,2.559,n
11,7,c,2,528,1900,35,4282.4,11.25,5833.2,9910,-69.9,-48.6,85.8,2.504,n
11,7,c,2,528,1900,36,4304.4,11.62,6086.6,9702.7,-70.8,-50.5,83.3,1.929,n
11,7,c,2,528,1900,37,4316.8,11.82,5948.4,9910,-69.5,-46.5,86.3,2.621,n
11,7,c,2,528,1900,38,4340.6,12.22,6132.7,9173,-70.9,-49.1,82.7,2.094,n
11,7,c,2,528,1900,39,4358.2,12.51,5948.4,9518.5,-67.7,-45.8,87.1,2.314,n
11,7,c,2,528,1900,40,4373,12.76,6178.7,9288.1,-68.4,-49,85.7,2.217,n
11,7,c,2,528,1900,41,4387.4,13,6224.8,9541.5,-66.6,-46.3,86.8,1.843,n
11,7,c,2,528,1900,42,4419.6,13.54,6017.5,9334.2,-68.6,-47.4,85,1.886,n
11,7,c,2,528,1900,43,4433.9,13.77,5925.4,9265.1,-67.7,-49.4,86.6,2.223,n
11,7,c,2,528,1900,44,4469.4,14.37,5925.4,9610.6,-68.7,-49.3,86.4,2.419,n
11,7,c,2,528,1900,45,4487.3,14.66,6040.5,9265.1,-64.7,-45,89.7,2.333,nn
11,7,c,2,528,1900,46,4508.8,15.02,6155.7,9541.5,-64.2,-43,90.3,2.253,
11,7,c,2,528,1900,47,4523.4,15.27,6086.6,9656.7,-64.4,-43.5,90.8,2.461,
11,7,c,2,528,1900,48,4536,15.48,5649,9840.9,-64.9,-41.9,90.6,2.388,
11,7,c,2,528,1900,49,4556.7,15.82,5948.4,9910,-63.4,-41.5,92.2,2.547,
11,7,c,2,528,1900,50,4572,16.08,5902.3,9564.5,-61.8,-39.6,93.2,2.314,
11,7,c,2,528,1900,51,5272.6,27.75,4842.8,9587.6,-81.1,-61.3,75,2.345,f
11,7,c,2,528,1900,52,5281.4,27.9,5718.1,9725.8,-76.5,-59,79.4,2.602,
11,7,c,2,528,1900,53,5287,27.99,4543.4,9495.4,-76.3,-55.7,80.3,2.504,
11,7,c,2,528,1900,54,5295,28.13,4635.5,9817.9,-75.5,-54.7,81.5,2.657,
11,7,c,2,528,1900,55,5301.9,28.24,5810.2,9956.1,-75.3,-52.4,80.7,2.608,
11,7,c,2,528,1900,56,5328.8,28.69,5073.2,9979.1,-82.7,-63.5,72.5,1.861,
11,7,c,2,528,1900,57,5337.5,28.83,4727.7,9587.6,-78.4,-57.6,77.7,2.278,
11,7,c,2,528,1900,58,5344.9,28.96,5073.2,9817.9,-76,-56.4,79.9,2.241,
11,7,c,2,528,1900,59,5351.6,29.07,4520.4,9472.4,-75,-54.6,81.8,2.682,
11,7,c,2,528,1900,60,5358.6,29.19,5602.9,10094.3,-74.8,-54.9,79.9,1.776,
11,7,c,2,528,1900,61,5365.2,29.3,4681.6,10071.2,-74.2,-54.2,83.4,2.859,
11,7,c,2,528,1900,62,5374.8,29.46,4474.3,9956.1,-74.6,-54,82.7,2.688,
11,7,c,2,528,1900,63,5387,29.66,5579.9,9541.5,-73.1,-54.4,80.7,1.665,
11,7,c,2,528,1900,64,5393.5,29.77,4497.3,10393.7,-74.9,-53.6,82.5,2.523,
11,7,c,2,528,1900,65,5400.9,29.89,4244,10117.3,-75.6,-55.3,82.2,2.829,
11,7,c,2,528,1900,66,5409.8,30.04,4267,9794.9,-75.3,-53.4,82.4,2.896,
11,7,c,2,528,1900,67,5419,30.19,4474.3,9817.9,-73.9,-52.4,83.6,2.902,
11,7,c,2,528,1900,68,5428,30.34,4405.2,9771.8,-71.6,-49.1,85.3,2.48,
11,7,c,2,528,1900,69,5424.5,30.29,6178.7,9656.7,-84.9,-73.2,69.9,2.302,background
11,7,c,2,528,1900,70,5442.4,30.58,5787.2,10232.5,-71.5,-51.6,83,1.721,
11,7,c,2,528,1900,71,5476.8,31.16,4244,10209.4,-64.7,-40.1,92.5,2.412,
11,7,c,2,528,1900,72,5504.7,31.62,5050.1,9541.5,-77.1,-57.6,78.2,2.057,
11,7,c,2,528,1900,73,5519.9,31.87,4842.8,10163.4,-74.6,-54.7,81.9,2.302,
11,7,c,2,528,1900,74,5558.4,32.52,4428.3,10025.2,-72.6,-50.2,84.5,2.523,
11,7,c,2,528,1900,75,5567.5,32.67,4589.5,10025.2,-70.9,-48.7,85.8,2.357,
11,7,c,2,528,1900,76,5584.8,32.96,4981,10002.1,-72.1,-52.3,84.1,2.29,
11,7,c,2,528,1900,77,5610.1,33.38,5741.1,9771.8,-76.4,-56.2,78.6,2.18,
11,7,c,2,528,1900,78,5607.3,33.33,5994.5,9748.8,-86.5,-75.8,68.4,2.235,
11,7,c,3,530,430,1,2937.5,0,4428.3,8528.1,-84.1,-68.3,71,2.21,
11,7,c,3,530,430,2,2934,0,5994.5,8988.7,-86.5,-76.3,68.2,2.682,background
11,7,c,3,530,430,3,2943.8,0.1,5142.3,9288.1,-84.7,-70.2,69.7,1.788,
11,7,c,3,530,430,4,2965.9,0.47,5073.2,8942.6,-83.6,-68.2,71,2.051,
11,7,c,3,530,430,5,2981.8,0.74,5395.6,9126.9,-84.8,-68.5,70.4,2.437,
11,7,c,3,530,430,6,2987.6,0.83,4658.6,9380.3,-84.7,-68.8,71.3,2.272,
11,7,c,3,530,430,7,2993.3,0.93,4750.7,8965.7,-84,-68.4,72.3,2.761,
11,7,c,3,530,430,8,2998.3,1.01,5625.9,9057.8,-84.5,-68.5,70.9,2.823,
11,7,c,3,530,430,9,3004.5,1.12,5142.3,8758.4,-84.6,-70.3,69.6,1.953,
11,7,c,3,530,430,10,3001.8,1.07,7929.2,10762.2,-86.9,-76.6,67.1,2.431,background
11,7,c,3,530,430,11,3010.3,1.21,5142.3,9196,-85.1,-70.4,69.1,1.745,
11,7,c,3,530,430,12,3027.1,1.49,5925.4,9725.8,-85,-69.9,69.8,2.198,
11,7,c,3,530,430,13,3032.5,1.58,4842.8,9034.8,-84.6,-67.7,70.6,2.161,
11,7,c,3,530,430,14,3038.4,1.68,4589.5,8942.6,-84.8,-69.7,70.6,2.161,
11,7,c,3,530,430,15,3061.5,2.07,4658.6,8781.4,-83.9,-66.9,72,2.578,
11,7,c,3,530,430,16,3067.4,2.16,4497.3,8896.6,-84,-68.8,71.9,2.412,
11,7,c,3,530,430,17,3073.5,2.27,5257.4,9173,-84.8,-70.4,69.8,2.021,
11,7,c,3,530,430,18,3078.4,2.35,5027.1,9034.8,-84.5,-70.5,71.5,2.7,
11,7,c,3,530,430,19,3088.9,2.52,4796.8,8919.6,-84.3,-68,71.2,2.351,
11,7,c,3,530,430,20,3093,2.59,6823.6,9679.7,-86.8,-77.4,66.3,1.953,
11,7,c,3,530,430,21,3096,2.64,4543.4,8965.7,-84.8,-69.7,71.3,2.486,
11,7,c,3,530,430,22,3102,2.74,4819.8,9472.4,-84.6,-69.5,72.2,2.81,
11,7,c,3,530,430,23,3107.9,2.84,5004.1,9219,-85.2,-71.4,70.3,2.296,
11,7,c,3,530,430,24,3114,2.94,4750.7,9242.1,-84.4,-69.2,72,2.694,
11,7,c,3,530,430,25,3122.6,3.09,4796.8,9242.1,-84.3,-69.4,71.8,2.51,
11,7,c,4,530,530,1,6589,0,6063.6,8804.5,-83.4,-64.3,69.5,1.965,
11,7,c,4,530,530,2,6586.3,0,6386,9126.9,-86.3,-76.1,66.6,1.965,background
11,7,c,4,530,530,3,6602.1,0.22,6178.7,8804.5,-84.4,-67.1,67.8,1.745,
11,7,c,4,530,530,4,6610.2,0.35,6109.6,9034.8,-84.2,-66.8,69.3,2.082,
11,7,c,4,530,530,5,6608.1,0.32,6017.5,8804.5,-86.4,-75.4,66.1,1.776,
11,7,c,4,530,530,6,6619.7,0.51,5856.3,8758.4,-83.8,-63.4,69.9,2.223,
11,7,c,4,530,530,7,6631.7,0.71,6017.5,8965.7,-83.9,-65.9,69.5,2.033,
11,7,c,5,531,1030,1,8635,0,6086.6,9103.9,-84.7,-71.7,68.4,1.812,
11,7,c,5,531,1030,2,8926.2,4.85,5902.3,9357.2,-83.9,-68.3,69.8,1.812,
11,7,c,5,531,1030,3,8950.5,5.26,5349.6,9057.8,-84,-66.7,71.2,2.461,
11,7,c,5,531,1030,4,8970.4,5.59,5395.6,9034.8,-84.4,-69.1,69.9,1.984,
11,7,c,5,531,1030,5,8981.6,5.78,4612.5,9173,-83,-61.9,73.7,2.853,
11,7,c,5,531,1030,6,8978.3,5.72,3829.4,7007.9,-85.2,-73.9,67.3,1.537,background
11,7,c,5,531,1030,7,9051.5,6.94,5004.1,9011.7,-84.7,-71.3,70.1,2.057,
11,7,c,5,531,1030,8,9105.4,7.84,5971.4,9288.1,-85,-70.4,69.2,2.137,
11,7,c,5,531,1030,9,9243.3,10.14,5211.4,9403.3,-84.7,-68.3,70.9,2.363,
11,7,c,5,531,1030,10,9240.1,10.08,8873.5,11798.7,-86.7,-76.7,67.4,2.406,
